Coenti;Noenti;Cogrupo;Nogrupo;Noenti
4871;VOTORANTIM SEGUROS E PREVIDÊNCIA S/A;     ;;VOTORANTIM SEGUROS E PREVIDÊNCIA S/A
4928;STARR INTERNATIONAL BRASIL SEGURADORA S.A.;     ;;STARR INTERNATIONAL BRASIL SEGURADORA S.A.
4936;COMPANHIA CAPITAL DE SEGUROS - MICROSSEGURADORA;     ;;COMPANHIA CAPITAL DE SEGUROS - MICROSSEGURADORA
4952;SUHAI SEGURADORA S.A. ;     ;;SUHAI SEGURADORA S.A. 
4987;EURE-EXTERIOR;     ;;EURE-EXTERIOR
5011;CHUBB DO BRASIL CIA DE SEGUROS;     ;;CHUBB DO BRASIL CIA DE SEGUROS
5037;SUL AMERICA UNIBANCO SEGURADORA S/A;     ;;SUL AMERICA UNIBANCO SEGURADORA S/A
5045;COMPANHIA DE SEGUROS ALIANÇA DA BAHIA;     ;;COMPANHIA DE SEGUROS ALIANÇA DA BAHIA
5061;SEGURADORA OCEÂNICA S/A;     ;;SEGURADORA OCEÂNICA S/A
5070;ZURICH SANTANDER BRASIL SEGUROS E PREVIDÊNCIA S.A.;     ;;ZURICH SANTANDER BRASIL SEGUROS E PREVIDÊNCIA S.A.
5088;BS SEGURO DE VIDA S/A;     ;;BS SEGURO DE VIDA S/A
5096;ITAÚ VIDA E PREVIDÊNCIA S/A;     ;;ITAÚ VIDA E PREVIDÊNCIA S/A
5100;COMERCIAL DO PARA COMPANHIA DE SEGUROS;     ;;COMERCIAL DO PARA COMPANHIA DE SEGUROS
5118;TRADITIO COMPANHIA DE SEGUROS;     ;;TRADITIO COMPANHIA DE SEGUROS
5126;UNIVERSAL COMPANHIA DE SEGUROS GERAIS;     ;;UNIVERSAL COMPANHIA DE SEGUROS GERAIS
5134;EQUITATIVA DOS ESTADOS UNIDOS DO BRASIL;     ;;EQUITATIVA DOS ESTADOS UNIDOS DO BRASIL
5142;ICATU SEGUROS S.A;     ;;ICATU SEGUROS S.A
5151;TOKIO MARINE BRASIL SEGURADORA S.A.;     ;;TOKIO MARINE BRASIL SEGURADORA S.A.
5169;SAU SEGUROS E PREVIDENCIA S/A;     ;;SAU SEGUROS E PREVIDENCIA S/A
5177;ALLIANZ SEGUROS S.A.;     ;;ALLIANZ SEGUROS S.A.
5177;ALLIANZ SEGUROS S.A.;     ;;ALLIANZ SEGUROS S.A.
5185;YELUM SEGUROS S.A. ;     ;;YELUM SEGUROS S.A. 
5193;COMPANHIA DE SEGUROS PREVIDÊNCIA DO SUL - PREVISUL;     ;;COMPANHIA DE SEGUROS PREVIDÊNCIA DO SUL - PREVISUL
5207;CIA SUL BRASIL DE SEGUROS TERR E MAR;     ;;CIA SUL BRASIL DE SEGUROS TERR E MAR
5215;ITAÚ VIDA E PREVIDÊNCIA S.A. (INATIVA);     ;;ITAÚ VIDA E PREVIDÊNCIA S.A. (INATIVA)
5240;SUL AMERICA TERRESTRES,MARÍTIMOS E ACIDENTES CIA DE SEGUROS;     ;;SUL AMERICA TERRESTRES,MARÍTIMOS E ACIDENTES CIA DE SEGUROS
5258;HABITASUL SEGURADORA S/A;     ;;HABITASUL SEGURADORA S/A
5266;MOTOR UNION SEGUROS S/A;     ;;MOTOR UNION SEGUROS S/A
5274;BANESTES SEGUROS S.A.;     ;;BANESTES SEGUROS S.A.
5282;PRUDENTIAL DO BRASIL SEGUROS DE VIDA S.A;     ;;PRUDENTIAL DO BRASIL SEGUROS DE VIDA S.A
5312;BRADESCO AUTO/RE COMPANHIA DE SEGUROS;     ;;BRADESCO AUTO/RE COMPANHIA DE SEGUROS
5321;ITAU SEGUROS S.A.;     ;;ITAU SEGUROS S.A.
5355;AZUL COMPANHIA DE SEGUROS GERAIS;     ;;AZUL COMPANHIA DE SEGUROS GERAIS
5363;MERIDIONAL COMPANHIA DE SEGUROS GERAIS;     ;;MERIDIONAL COMPANHIA DE SEGUROS GERAIS
5398;ALIANCA RIO GRANDENSE COMPANHIA DE SEGUROS GERAIS;     ;;ALIANCA RIO GRANDENSE COMPANHIA DE SEGUROS GERAIS
5401;PQ SEGUROS S.A.;     ;;PQ SEGUROS S.A.
5410;NOVO MUNDO;     ;;NOVO MUNDO
5436;JUNTO SEGUROS S.A.;     ;;JUNTO SEGUROS S.A.
444;BRADESCO SEGUROS S.A;     ;;BRADESCO SEGUROS S.A
5452;FORTALEZA CIA NACIONAL DE SEGUROS;     ;;FORTALEZA CIA NACIONAL DE SEGUROS
5461;ATLANTICA - BRADESCO CIA DE SEGUROS;     ;;ATLANTICA - BRADESCO CIA DE SEGUROS
5479;APLUB SEGUROS S/A;     ;;APLUB SEGUROS S/A
5487;SANTANDER BRASIL SEGUROS S/A - INATIVA;     ;;SANTANDER BRASIL SEGUROS S/A - INATIVA
5495;ZURICH MINAS BRASIL SEGUROS S.A. ;     ;;ZURICH MINAS BRASIL SEGUROS S.A. 
5509;DELFIN SEGURADORA S/A;     ;;DELFIN SEGURADORA S/A
5533;ATLÂNTICA COMPANHIA DE SEGUROS;     ;;ATLÂNTICA COMPANHIA DE SEGUROS
5541;CCF BRASIL SEGUROS S.A. (HSBC SAÚDE S.A.) MUDOU DE DENOMINAÇÃO PARA HSBC EMPRESA DE CAPITALIZAÇÃO (BRASIL) S.A.;     ;;CCF BRASIL SEGUROS S.A. (HSBC SAÚDE S.A.) MUDOU DE DENOMINAÇÃO PARA HSBC EMPRESA DE CAPITALIZAÇÃO (BRASIL) S.A.
5550;SEGURADORA INDUSTRIAL E MERCANTIL S/A;     ;;SEGURADORA INDUSTRIAL E MERCANTIL S/A
5568;SAFRA CIA DE SEGUROS;     ;;SAFRA CIA DE SEGUROS
5584;MULTIPLIC COMPANHIA DE SEGUROS;     ;;MULTIPLIC COMPANHIA DE SEGUROS
5592;TOTAL SEGURADORA S/A;     ;;TOTAL SEGURADORA S/A
5606;ARBI SEGUROS S/A;     ;;ARBI SEGUROS S/A
5614;SUL AMÉRICA SANTA CRUZ SEGUROS S/A;     ;;SUL AMÉRICA SANTA CRUZ SEGUROS S/A
5622;BRASILSAÚDE COMPANHIA DE SEGUROS;     ;;BRASILSAÚDE COMPANHIA DE SEGUROS
5631;CAIXA SEGURADORA S.A.;     ;;CAIXA SEGURADORA S.A.
5649;CGU COMPANHIA DE SEGUROS;     ;;CGU COMPANHIA DE SEGUROS
5657;VANGUARDA COMPANHIA DE SEGUROS GERAIS;     ;;VANGUARDA COMPANHIA DE SEGUROS GERAIS
5665;MAPFRE VIDA S.A.;     ;;MAPFRE VIDA S.A.
5673;ITABORAÍ SEGUROS S/A;     ;;ITABORAÍ SEGUROS S/A
5681;SUL AMERICA BANDEIRANTE SEGUROS S/A;     ;;SUL AMERICA BANDEIRANTE SEGUROS S/A
5690;COMPANHIA EXCELSIOR DE SEGUROS;     ;;COMPANHIA EXCELSIOR DE SEGUROS
5711;BRADESCO  SAUDE S.A;     ;;BRADESCO  SAUDE S.A
5720;SOMPO SEGUROS S.A.;     ;;SOMPO SEGUROS S.A.
5738;FINANCIAL CIA DE SEGUROS;     ;;FINANCIAL CIA DE SEGUROS
5746;TREVO BANORTE SEGURADORA S/A ;     ;;TREVO BANORTE SEGURADORA S/A 
5789;AMIL SEGURADORA S/A;     ;;AMIL SEGURADORA S/A
5801;TREVO SEGURADORA S/A;     ;;TREVO SEGURADORA S/A
5819;ALLSEG SEGURADORA S.A.;     ;;ALLSEG SEGURADORA S.A.
5827;FINANCIAL SEGUROS GERAIS S/A;     ;;FINANCIAL SEGUROS GERAIS S/A
5835;BAMERINDUS VIDA S/A;     ;;BAMERINDUS VIDA S/A
5843;INDIANA SEGUROS S.A.;     ;;INDIANA SEGUROS S.A.
5851;CASTELO COSTA CIA DE SEGUROS;     ;;CASTELO COSTA CIA DE SEGUROS
5886;PORTO SEGURO COMPANHIA DE SEGUROS GERAIS;     ;;PORTO SEGURO COMPANHIA DE SEGUROS GERAIS
5894;PATRIA CIA BRASILEIRA SEGUROS GERAIS;     ;;PATRIA CIA BRASILEIRA SEGUROS GERAIS
5908;GENERALI  BRASIL  SEGUROS S.A.;     ;;GENERALI  BRASIL  SEGUROS S.A.
5916;REAL SEGURADORA S.A.;     ;;REAL SEGURADORA S.A.
5924;COMPANHIA DE SEGUROS RIO BRANCO;     ;;COMPANHIA DE SEGUROS RIO BRANCO
5932;ATLANTICA - BRADESCO SEGUROS S.A;     ;;ATLANTICA - BRADESCO SEGUROS S.A
5941;ZURICH BRASIL COMPANHIA DE SEGUROS;     ;;ZURICH BRASIL COMPANHIA DE SEGUROS
5975;BCN SEGURADORA S.A.;     ;;BCN SEGURADORA S.A.
5983;UNIBANCO AIG SEGUROS S/A;     ;;UNIBANCO AIG SEGUROS S/A
5991;SWISS RE CORPORATE SOLUTIONS BRASIL SEGUROS S.A.;     ;;SWISS RE CORPORATE SOLUTIONS BRASIL SEGUROS S.A.
6009;BANERJ SEGUROS S/A;     ;;BANERJ SEGUROS S/A
6017;CENTAURO VIDA E PREVIDÊNCIA S. A. ;     ;;CENTAURO VIDA E PREVIDÊNCIA S. A. 
6033;PORTO SEGURO VIDA E PREVIDÊNCIA S/A.;     ;;PORTO SEGURO VIDA E PREVIDÊNCIA S/A.
6041;PARANÁ COMPANHIA DE SEGUROS;     ;;PARANÁ COMPANHIA DE SEGUROS
6076;MUNDIAL SEGURADORA S/A;     ;;MUNDIAL SEGURADORA S/A
6084;MBM SEGURADORA S.A.;     ;;MBM SEGURADORA S.A.
6092;NOVO HAMBURGO CIA. DE SEGUROS GERAIS;     ;;NOVO HAMBURGO CIA. DE SEGUROS GERAIS
6106;KIRTON SEGUROS S.A.;     ;;KIRTON SEGUROS S.A.
6114;ITATIAIA SEGUROS S/A;     ;;ITATIAIA SEGUROS S/A
6122;FATOR SEGURADORA S/A ;     ;;FATOR SEGURADORA S/A 
49000;GENERAL INSURANCE CORPORATION OF INDIA;     ;;GENERAL INSURANCE CORPORATION OF INDIA
49131;ARCH REINSURANCE LTD.;     ;;ARCH REINSURANCE LTD.
49760;AMERICAN HOME ASSURANCE COMPANY;     ;;AMERICAN HOME ASSURANCE COMPANY
50075;SIRIUSPOINT INTERNATIONAL INSURANCE CORPORATION;     ;;SIRIUSPOINT INTERNATIONAL INSURANCE CORPORATION
50091;ARCH INSURANCE COMPANY ;     ;;ARCH INSURANCE COMPANY 
50121;TRANSATLANTIC REINSURANCE COMPANY;     ;;TRANSATLANTIC REINSURANCE COMPANY
50202;SAMSUNG FIRE & MARINE INSURANCE CO., LTD.;     ;;SAMSUNG FIRE & MARINE INSURANCE CO., LTD.
50211;LIBERTY MUTUAL INSURANCE EUROPE SE (ANTIGA LIBERTY MUTUAL INSURANCE EUROPE LIMITED);     ;;LIBERTY MUTUAL INSURANCE EUROPE SE (ANTIGA LIBERTY MUTUAL INSURANCE EUROPE LIMITED)
50598;VHV ALLGEMEINE VERSICHERUNG AG;     ;;VHV ALLGEMEINE VERSICHERUNG AG
50601;AMERICAN LIFE INSURANCE COMPANY;     ;;AMERICAN LIFE INSURANCE COMPANY
50679;JOHN HANCOCK LIFE INSURANCE COMPANY (U.S.A);     ;;JOHN HANCOCK LIFE INSURANCE COMPANY (U.S.A)
50768;GUARDIAN LIFE OF THE CARIBBEAN LIMITED;     ;;GUARDIAN LIFE OF THE CARIBBEAN LIMITED
50806;AFRICAN REINSURANCE CORPORATION;     ;;AFRICAN REINSURANCE CORPORATION
50822;ALLIANZ GLOBAL CORPORATE & SPECIALTY SE;     ;;ALLIANZ GLOBAL CORPORATE & SPECIALTY SE
50857;AGRINATIONAL INSURANCE COMPANY;     ;;AGRINATIONAL INSURANCE COMPANY
50938;BALOISE INSURANCE LTD;     ;;BALOISE INSURANCE LTD
51063;SEOUL GUARANTEE INSURANCE COMPANY;     ;;SEOUL GUARANTEE INSURANCE COMPANY
51276;ODYSSEY REINSURANCE COMPANY;     ;;ODYSSEY REINSURANCE COMPANY
51411;NEW REINSURANCE COMPANY (NOUVELLE COMPAGNIE DE RÉASSURANCES);     ;;NEW REINSURANCE COMPANY (NOUVELLE COMPAGNIE DE RÉASSURANCES)
51438;HCC INTERNATIONAL INSURANCE COMPANY PLC;     ;;HCC INTERNATIONAL INSURANCE COMPANY PLC
51497;EVEREST REINSURANCE COMPANY;     ;;EVEREST REINSURANCE COMPANY
51551;ENDURANCE ASSURANCE CORPORATION (ATUAL DENOMINAÇÃO DE ENDURANCE REINSURANCE CORPORATION OF AMERICA);     ;;ENDURANCE ASSURANCE CORPORATION (ATUAL DENOMINAÇÃO DE ENDURANCE REINSURANCE CORPORATION OF AMERICA)
51578;HYUNDAI MARINE & FIRE INSURANCE COMPANY LIMITED;     ;;HYUNDAI MARINE & FIRE INSURANCE COMPANY LIMITED
51616;EURASIA INSURANCE COMPANY JSC;     ;;EURASIA INSURANCE COMPANY JSC
51624;MAPFRE RE, COMPAÑIA DE REASEGUROS S.A.;     ;;MAPFRE RE, COMPAÑIA DE REASEGUROS S.A.
51748;R+V VERSICHERUNG AG;     ;;R+V VERSICHERUNG AG
51772;CAISSE CENTRALE DE REASSURANCE;     ;;CAISSE CENTRALE DE REASSURANCE
51845;FIDELIS UNDERWRITING LIMITED;     ;;FIDELIS UNDERWRITING LIMITED
51888;CONVEX INSURANCE UK LIMITED;     ;;CONVEX INSURANCE UK LIMITED
51934;ENDURANCE WORLDWIDE INSURANCE LIMITED;     ;;ENDURANCE WORLDWIDE INSURANCE LIMITED
51977;NATIONAL LIABILITY & FIRE INSURANCE COMPANY;     ;;NATIONAL LIABILITY & FIRE INSURANCE COMPANY
52060;KOREAN REINSURANCE COMPANY;     ;;KOREAN REINSURANCE COMPANY
52078;STARSTONE SPECIALTY INSURANCE COMPANY (ATUAL DENOMINAÇÃO DE TORUS SPECIALTY INSURANCE COMPANY);     ;;STARSTONE SPECIALTY INSURANCE COMPANY (ATUAL DENOMINAÇÃO DE TORUS SPECIALTY INSURANCE COMPANY)
52248;HOUSTON SPECIALTY INSURANCE COMPANY;     ;;HOUSTON SPECIALTY INSURANCE COMPANY
52264;RGA REINSURANCE COMPANY;     ;;RGA REINSURANCE COMPANY
52272;AMTRUST SPECIALTY LIMITED;     ;;AMTRUST SPECIALTY LIMITED
52329;ECHO REINSURANCE LIMITED;     ;;ECHO REINSURANCE LIMITED
52434;AMLIN EUROPE N.V. (ANTIGA  AMLIN CORPORATE INSURANCE N.V.);     ;;AMLIN EUROPE N.V. (ANTIGA  AMLIN CORPORATE INSURANCE N.V.)
52469;XL INSURANCE COMPANY SE (ANTIGA XL INSURANCE COMPANY PLC);     ;;XL INSURANCE COMPANY SE (ANTIGA XL INSURANCE COMPANY PLC)
52540;VALIDUS REINSURANCE (SWITZERLAND), LTD.;     ;;VALIDUS REINSURANCE (SWITZERLAND), LTD.
52671;CAFASE ;     ;;CAFASE 
52680;PLATINUM UNDERWRITERS REINSURANCE INC  (CANCELADO - PORTARIA SUSEP 6.037/2014);     ;;PLATINUM UNDERWRITERS REINSURANCE INC  (CANCELADO - PORTARIA SUSEP 6.037/2014)
52736;INFRASSURE LTD.;     ;;INFRASSURE LTD.
52795;NAVIGATORS INSURANCE COMPANY;     ;;NAVIGATORS INSURANCE COMPANY
52809;IF P&C INSURANCE LTD.;     ;;IF P&C INSURANCE LTD.
52850;CNA INSURANCE COMPANY LIMITED;     ;;CNA INSURANCE COMPANY LIMITED
52876;ATRADIUS REINSURANCE LIMITED;     ;;ATRADIUS REINSURANCE LIMITED
52922;AXA VERSICHERUNGEN AG;     ;;AXA VERSICHERUNGEN AG
52957;MITSUI SUMITOMO INSURANCE COMPANY OF AMERICA;     ;;MITSUI SUMITOMO INSURANCE COMPANY OF AMERICA
52965;QATAR INSURANCE COMPANY S.A.Q.;     ;;QATAR INSURANCE COMPANY S.A.Q.
53147;GOTHAER ALLGEMEINE VERSICHERUNG AG;     ;;GOTHAER ALLGEMEINE VERSICHERUNG AG
53261;LLOYD´S;     ;;LLOYD´S
53295;PARTNERRE AMERICA INSURANCE COMPANY (ANTIGA PARIS RE AMERICA INSURANCE COMPANY);     ;;PARTNERRE AMERICA INSURANCE COMPANY (ANTIGA PARIS RE AMERICA INSURANCE COMPANY)
53384;ECCLESIASTICAL INSURANCE OFFICE PLC;     ;;ECCLESIASTICAL INSURANCE OFFICE PLC
53414;EXPORT DEVELOPMENT CANADA;     ;;EXPORT DEVELOPMENT CANADA
53473;RENAISSANCERE EUROPE AG.;     ;;RENAISSANCERE EUROPE AG.
53635;MMA IARD S.A.;     ;;MMA IARD S.A.
53651;HELVETIA SCHWEIZERISCHE VERSICHERUNGSGESELLSCHAFT AG;     ;;HELVETIA SCHWEIZERISCHE VERSICHERUNGSGESELLSCHAFT AG
53724;AWP HEALTH & LIFE S.A ;     ;;AWP HEALTH & LIFE S.A 
54038;DEUTSCHE RUCKVERSICHERUNG AG;     ;;DEUTSCHE RUCKVERSICHERUNG AG
54381;LIBERTY MUTUAL INSURANCE COMPANY;     ;;LIBERTY MUTUAL INSURANCE COMPANY
54488;CHUBB EUROPEAN GROUP SE;     ;;CHUBB EUROPEAN GROUP SE
54534;SI INSURANCE (EUROPE) S.A.;     ;;SI INSURANCE (EUROPE) S.A.
54569;NOVA CASIOPEA RE S.A.;     ;;NOVA CASIOPEA RE S.A.
54666;ACE PROPERTY AND CASUALTY INSURANCE COMPANY;     ;;ACE PROPERTY AND CASUALTY INSURANCE COMPANY
54810;MUNCHENER RUCKVERSICHERUNGS-GESSELLSCHAFT AKT. IN MUNCHEN;     ;;MUNCHENER RUCKVERSICHERUNGS-GESSELLSCHAFT AKT. IN MUNCHEN
54925;TOKIO MARINE & NICHIDO FIRE INSURANCE CO.,LTD.;     ;;TOKIO MARINE & NICHIDO FIRE INSURANCE CO.,LTD.
54933;THE NEW INDIA ASSURANCE COMPANY LTD.;     ;;THE NEW INDIA ASSURANCE COMPANY LTD.
54950;ASSICURAZIONI GENERALI S.P.A.;     ;;ASSICURAZIONI GENERALI S.P.A.
54984;SCOR GLOBAL P&C SE;     ;;SCOR GLOBAL P&C SE
55000;HOUSTON CASUALTY COMPANY;     ;;HOUSTON CASUALTY COMPANY
55042;SWISS RE CORPORATE SOLUTIONS AMERICA INSURANCE CORPORATION;     ;;SWISS RE CORPORATE SOLUTIONS AMERICA INSURANCE CORPORATION
55093;MAPFRE GLOBAL RISKS, COMPAÑIA INTERNACIONAL DE SEGUROS Y REASEGUROS S.A;     ;;MAPFRE GLOBAL RISKS, COMPAÑIA INTERNACIONAL DE SEGUROS Y REASEGUROS S.A
55409;XL SPECIALTY INSURANCE COMPANY;     ;;XL SPECIALTY INSURANCE COMPANY
55425;MS AMLIN AG;     ;;MS AMLIN AG
55433;IF P&C INSURANCE COMPANY LTD.;     ;;IF P&C INSURANCE COMPANY LTD.
55514;NORWEGIAN HULL CLUB;     ;;NORWEGIAN HULL CLUB
55549;UNIPOLSAI ASSICURAZIONI S.P.A.;     ;;UNIPOLSAI ASSICURAZIONI S.P.A.
55573;HDI GLOBAL SE (ATUAL DENOMINAÇÃO DE HDI-GERLING INDUSTRIE VERSICHERUNG AG);     ;;HDI GLOBAL SE (ATUAL DENOMINAÇÃO DE HDI-GERLING INDUSTRIE VERSICHERUNG AG)
55701;INSURANCE COMPANY OF GAZ INDUSTRY SOGAZ;     ;;INSURANCE COMPANY OF GAZ INDUSTRY SOGAZ
55735;PARIS RE S.A.;     ;;PARIS RE S.A.
55760;DELTA LLOYD SCHADEVERZEKERING N.V.;     ;;DELTA LLOYD SCHADEVERZEKERING N.V.
55875;COMPAÑIA ESPAÑOLA DE SEGUROS DE CRÉDITO A LA EXPORTACIÓN, SA.;     ;;COMPAÑIA ESPAÑOLA DE SEGUROS DE CRÉDITO A LA EXPORTACIÓN, SA.
55891;DELCREDERE/DUCROIRE;     ;;DELCREDERE/DUCROIRE
1007;SABEMI SEGURADORA S.A.;     ;;SABEMI SEGURADORA S.A.
1015;ALLIANZ BRASIL SEGURADORA S.A;     ;;ALLIANZ BRASIL SEGURADORA S.A
1058;BRADESCO AUTO/RE COMPANHIA DE SEGUROS ( INATIVA);     ;;BRADESCO AUTO/RE COMPANHIA DE SEGUROS ( INATIVA)
1066;SEGURADORA PONTUAL;     ;;SEGURADORA PONTUAL
1091;SUIÇA SEGURADORA;     ;;SUIÇA SEGURADORA
1121;YOUSE SEGURADORA S.A.;     ;;YOUSE SEGURADORA S.A.
1261;FACTA SEGURADORA S.A. ;     ;;FACTA SEGURADORA S.A. 
1279;SOMBRERO SEGUROS S.A.;     ;;SOMBRERO SEGUROS S.A.
1414;BERKLEY INTERNATIONAL DO BRASIL SEGUROS S/A;     ;;BERKLEY INTERNATIONAL DO BRASIL SEGUROS S/A
1431;XL SEGUROS BRASIL S.A.;     ;;XL SEGUROS BRASIL S.A.
1481;HDI SEGUROS DO BRASIL S.A.;     ;;HDI SEGUROS DO BRASIL S.A.
1490;ESSOR SEGUROS S.A;     ;;ESSOR SEGUROS S.A
1503;FM SEGUROS S.A.;     ;;FM SEGUROS S.A.
1511;LIGGÊRO SEGURADORA S.A.;     ;;LIGGÊRO SEGURADORA S.A.
1546;BP SEGURADORA S.A.;     ;;BP SEGURADORA S.A.
1554;EQ SEGUROS S.A.;     ;;EQ SEGUROS S.A.
1571;HDI GLOBAL SEGUROS S.A;     ;;HDI GLOBAL SEGUROS S.A
1589;SANTANDER AUTO S.A.;     ;;SANTANDER AUTO S.A.
1619;DAYPREV VIDA E PREVIDÊNCIA S.A.;     ;;DAYPREV VIDA E PREVIDÊNCIA S.A.
1627;SAFRA SEGUROS GERAIS S.A.;     ;;SAFRA SEGUROS GERAIS S.A.
1741;DAYCOVAL SEGUROS S.A.;     ;;DAYCOVAL SEGUROS S.A.
1775;ACE SEGUROS SOLUÇÕES CORPORATIVAS S.A.;     ;;ACE SEGUROS SOLUÇÕES CORPORATIVAS S.A.
1805;OXXY SEGURADORA S/A;     ;;OXXY SEGURADORA S/A
1848;VINCI VIDA E PREVIDÊNCIA S.A.;     ;;VINCI VIDA E PREVIDÊNCIA S.A.
1864;REAG SEGURADORA S.A.;     ;;REAG SEGURADORA S.A.
1881;ARCESP SEGURADORA S.A.;     ;;ARCESP SEGURADORA S.A.
1929;HDI SEGUROS DE AUTOMÓVEIS E BENS S/A  ;     ;;HDI SEGUROS DE AUTOMÓVEIS E BENS S/A  
1937;COMPREV VIDA E PREVIDÊNCIA S.A.;     ;;COMPREV VIDA E PREVIDÊNCIA S.A.
1970;UNIMED SEGUROS PATRIMONIAIS S.A.;     ;;UNIMED SEGUROS PATRIMONIAIS S.A.
2020;ATRADIUS CRÉDITO Y CAUCIÓN SEGURADORA S.A.;     ;;ATRADIUS CRÉDITO Y CAUCIÓN SEGURADORA S.A.
2054;KAPAM SEGURADORA S.A.;     ;;KAPAM SEGURADORA S.A.
2062;LUIZASEG SEGUROS S.A.;     ;;LUIZASEG SEGUROS S.A.
2071;AVLA SEGUROS BRASIL S.A.;     ;;AVLA SEGUROS BRASIL S.A.
2101;MONGERAL AEGON SEGUROS E PREVIDÊNCIA S. A.;     ;;MONGERAL AEGON SEGUROS E PREVIDÊNCIA S. A.
2119;ARUANA SEGURADORA S. A.;     ;;ARUANA SEGURADORA S. A.
2143;ASSURANT SEGURADORA SA;     ;;ASSURANT SEGURADORA SA
2241;JUSTOS SEGUROS S.A.;     ;;JUSTOS SEGUROS S.A.
2267;VOCÊ SEGURADORA S.A.;     ;;VOCÊ SEGURADORA S.A.
2275;SEGURADORA ALM S.A.;     ;;SEGURADORA ALM S.A.
2305;BTG PACTUAL SEGUROS S.A.;     ;;BTG PACTUAL SEGUROS S.A.
2321;CICLLOS SEGURADORA S.A.;     ;;CICLLOS SEGURADORA S.A.
2437;BTG PACTUAL SEGURADORA S.A.;     ;;BTG PACTUAL SEGURADORA S.A.
2461;AUSTRAL SEGURADORA S.A.;     ;;AUSTRAL SEGURADORA S.A.
2534;EFEITO SEGURADORA VIDA E PREVIDENCIA S.A.;     ;;EFEITO SEGURADORA VIDA E PREVIDENCIA S.A.
2542;OMINT SEGUROS SA;     ;;OMINT SEGUROS SA
2577;COBUCCIO SEGUROS S.A.;     ;;COBUCCIO SEGUROS S.A.
2607;FELSEN SEGURADORA S.A.;     ;;FELSEN SEGURADORA S.A.
2674;ZENPLA SEGUROS S.A.;     ;;ZENPLA SEGUROS S.A.
2682;BTG PACTUAL VIDA E PREVIDÊNCIA S.A.;     ;;BTG PACTUAL VIDA E PREVIDÊNCIA S.A.
2721;CRÉDITO Y CAUCIÓN SEGURADORA DE CRÉDITO À EXPORTAÇÃO S.A.;     ;;CRÉDITO Y CAUCIÓN SEGURADORA DE CRÉDITO À EXPORTAÇÃO S.A.
2739;AGÊNCIA BRASILEIRA GESTORA DE FUNDOS GARANTIDORES E GARANTIAS S.A. – ABGF;     ;;AGÊNCIA BRASILEIRA GESTORA DE FUNDOS GARANTIDORES E GARANTIAS S.A. – ABGF
2747;GALÁPAGOS CAPITAL SOCIEDADE SEGURADORA DE PROPÓSITO ESPECÍFICO S.A.;     ;;GALÁPAGOS CAPITAL SOCIEDADE SEGURADORA DE PROPÓSITO ESPECÍFICO S.A.
2763;CESCEBRASIL SEGUROS DE CRÉDITO S.A.;     ;;CESCEBRASIL SEGUROS DE CRÉDITO S.A.
2771;SUDASEG SEGURADORA DE DANOS E PESSOAS S.A. ;     ;;SUDASEG SEGURADORA DE DANOS E PESSOAS S.A. 
2798;AKAD SEGUROS S.A.;     ;;AKAD SEGUROS S.A.
2801;UNIÃO SEGURADORA S.A. - VIDA E PREVIDÊNCIA ;     ;;UNIÃO SEGURADORA S.A. - VIDA E PREVIDÊNCIA 
2852;AXA SEGUROS S.A.;     ;;AXA SEGUROS S.A.
2879;COMPREV SEGURADORA S.A.;     ;;COMPREV SEGURADORA S.A.
2895;ALFA PREVIDÊNCIA E VIDA S.A.;     ;;ALFA PREVIDÊNCIA E VIDA S.A.
2925;MASTERS SEGURADORA S.A.;     ;;MASTERS SEGURADORA S.A.
2933;CARDIF DO BRASIL SEGUROS E GARANTIAS S.A.;     ;;CARDIF DO BRASIL SEGUROS E GARANTIAS S.A.
2950;SANCOR SEGUROS DO BRASIL S.A.;     ;;SANCOR SEGUROS DO BRASIL S.A.
2968;GAZIN SEGUROS S.A.;     ;;GAZIN SEGUROS S.A.
3034;ECC DO BRASIL PARTICIPAÇÕES S.A. (ATUAL DENOMINAÇÃO DE ECC DO BRASIL CIA DE SEGUROS);     ;;ECC DO BRASIL PARTICIPAÇÕES S.A. (ATUAL DENOMINAÇÃO DE ECC DO BRASIL CIA DE SEGUROS)
3069;POTTENCIAL SEGURADORA S.A.;     ;;POTTENCIAL SEGURADORA S.A.
3093;CONSÓRCIO DO SEGURO DPVAT;     ;;CONSÓRCIO DO SEGURO DPVAT
3123;VERBIN SEGUROS S.A. ;     ;;VERBIN SEGUROS S.A. 
3140;PREVIMIL VIDA E PREVIDÊNCIA S.A.;     ;;PREVIMIL VIDA E PREVIDÊNCIA S.A.
3166;METLIFE VIDA E PREVIDÊNCIA S.A.   ;     ;;METLIFE VIDA E PREVIDÊNCIA S.A.   
3182;ITAU SEGUROS DE AUTO E RESIDÊNCIA S.A.;     ;;ITAU SEGUROS DE AUTO E RESIDÊNCIA S.A.
3221;ANDRINA SOCIEDADE SEGURADORA DE PROPOSITO ESPECIFICO S.A;     ;;ANDRINA SOCIEDADE SEGURADORA DE PROPOSITO ESPECIFICO S.A
3263;PIER SEGURADORA S.A.;     ;;PIER SEGURADORA S.A.
3271;SEGURADORA LÍDER DO CONSÓRCIO DO SEGURO DPVAT S.A.;     ;;SEGURADORA LÍDER DO CONSÓRCIO DO SEGURO DPVAT S.A.
3298;MAPFRE PREVIDÊNCIA S.A.;     ;;MAPFRE PREVIDÊNCIA S.A.
3328;COFACE DO BRASIL SEGUROS DE CRÉDITO S/A;     ;;COFACE DO BRASIL SEGUROS DE CRÉDITO S/A
3387;ANGELUS SEGUROS S.A.;     ;;ANGELUS SEGUROS S.A.
3417;BMG SEGURADORA S.A.;     ;;BMG SEGURADORA S.A.
3476;XS3 SEGUROS S.A.;     ;;XS3 SEGUROS S.A.
3531;ZEMA SEGUROS S.A. ;     ;;ZEMA SEGUROS S.A. 
3603;SIMPLE2U SEGUROS S.A.;     ;;SIMPLE2U SEGUROS S.A.
3638;SKY SEGURADORA S.A. - MICROSSEGURADORA;     ;;SKY SEGURADORA S.A. - MICROSSEGURADORA
3646;EZZE SEGUROS S.A.;     ;;EZZE SEGUROS S.A.
3654;SICOOB SEGURADORA DE VIDA E PREVIDÊNCIA S.A.;     ;;SICOOB SEGURADORA DE VIDA E PREVIDÊNCIA S.A.
3671;USEBENS SEGUROS S.A.;     ;;USEBENS SEGUROS S.A.
3727;FAIRWAY SEGUROS S.A. ;     ;;FAIRWAY SEGUROS S.A. 
3786;ARCA SEGURADORA S.A;     ;;ARCA SEGURADORA S.A
3794;BS2 SEGUROS S.A.;     ;;BS2 SEGUROS S.A.
3816;REAL SEGUROS VIDA E PREVIDÊNCIA S.A. (ATUAL DENOMINAÇÃO DE REAL TOKIO MARINE VIDA E PREVIDÊNCIA S.A.);     ;;REAL SEGUROS VIDA E PREVIDÊNCIA S.A. (ATUAL DENOMINAÇÃO DE REAL TOKIO MARINE VIDA E PREVIDÊNCIA S.A.)
3948;SEGURADORA S.A. INFINITE;     ;;SEGURADORA S.A. INFINITE
3956;FAM SEGURADORA DE CRÉDITO E GARANTIA S.A.;     ;;FAM SEGURADORA DE CRÉDITO E GARANTIA S.A.
3964;LIBERTY MUTUAL SURETY BRASIL SEGUROS S.A. ;     ;;LIBERTY MUTUAL SURETY BRASIL SEGUROS S.A. 
4031;XP VIDA E PREVIDÊNCIA S.A.;     ;;XP VIDA E PREVIDÊNCIA S.A.
4111;JNS SEGURADORA S.A.;     ;;JNS SEGURADORA S.A.
4227;STG SEGUROS S.A.;     ;;STG SEGUROS S.A.
4251;CAPEMISA SEGURADORA DE VIDA E PREVIDÊNCIA S/A;     ;;CAPEMISA SEGURADORA DE VIDA E PREVIDÊNCIA S/A
4359;EULER HERMES SEGUROS S.A.;     ;;EULER HERMES SEGUROS S.A.
4367;PRUDENTIAL DO BRASIL SEGUROS S.A.;     ;;PRUDENTIAL DO BRASIL SEGUROS S.A.
4383;180 SEGUROS S.A.;     ;;180 SEGUROS S.A.
4421;XS2 VIDA E PREVIDÊNCIA S.A.;     ;;XS2 VIDA E PREVIDÊNCIA S.A.
4481;DASSEG SEGUROS S.A.;     ;;DASSEG SEGUROS S.A.
4537;DARWIN SEGUROS S.A.;     ;;DARWIN SEGUROS S.A.
4561;BRASILPREV NOSSO FUTURO SEGUROS E PREVICÊNCIA S.A. (ATUAL DENOMINAÇÃO DE MAPFRE NOSSA CAIXA VIDA E PREVIDÊNCIA S.A.);     ;;BRASILPREV NOSSO FUTURO SEGUROS E PREVICÊNCIA S.A. (ATUAL DENOMINAÇÃO DE MAPFRE NOSSA CAIXA VIDA E PREVIDÊNCIA S.A.)
4570;IZA SEGURADORA S.A.;     ;;IZA SEGURADORA S.A.
4600;BVIX SEGURADORA S.A.;     ;;BVIX SEGURADORA S.A.
4618;ITAÚ UNIBANCO SEGUROS CORPORATIVOS S.A. (INATIVA);     ;;ITAÚ UNIBANCO SEGUROS CORPORATIVOS S.A. (INATIVA)
4634;PATER SEGUROS S.A.;     ;;PATER SEGUROS S.A.
4669;FAIRFAX BRASIL SEGUROS CORPORATIVOS S.A;     ;;FAIRFAX BRASIL SEGUROS CORPORATIVOS S.A
4707;BRASILPREV SEGUROS E PREVIDÊNCIA S/A(dados a partir de Junho/2002);     ;;BRASILPREV SEGUROS E PREVIDÊNCIA S/A(dados a partir de Junho/2002)
4715;CREFISA SEGUROS S.A. ;     ;;CREFISA SEGUROS S.A. 
4740;KIRTON VIDA  E PREVIDÊNCIA S.A.;     ;;KIRTON VIDA  E PREVIDÊNCIA S.A.
4782;NEWE SEGUROS S.A.;     ;;NEWE SEGUROS S.A.
4812;EULER HERMES SEGUROS DE CRÉDITO À EXPORTAÇÃO S.A.;     ;;EULER HERMES SEGUROS DE CRÉDITO À EXPORTAÇÃO S.A.
55921;SOMPO JAPAN INSURANCE INC.(ATUAL DENOMINAÇÃO DE SOMPO JAPAN NIPPONKOA INSURANCE INC);     ;;SOMPO JAPAN INSURANCE INC.(ATUAL DENOMINAÇÃO DE SOMPO JAPAN NIPPONKOA INSURANCE INC)
55956;AVIVA INSURANCE LIMITED;     ;;AVIVA INSURANCE LIMITED
56090;AXA FRANCE IARD;     ;;AXA FRANCE IARD
56120;BERKSHIRE HATHAWAY INTERNATIONAL INSURANCE LIMITED;     ;;BERKSHIRE HATHAWAY INTERNATIONAL INSURANCE LIMITED
56235;STARR INTERNATIONAL (EUROPE) LIMITED;     ;;STARR INTERNATIONAL (EUROPE) LIMITED
56286;ALLIED WORLD ASSURANCE COMPANY (REINSURANCE) PLC (ANTIGA ALLIED WORLD ASSURANCE COMPANY (REINSURANCE) LIMITED);     ;;ALLIED WORLD ASSURANCE COMPANY (REINSURANCE) PLC (ANTIGA ALLIED WORLD ASSURANCE COMPANY (REINSURANCE) LIMITED)
56448;REASEGURADORA PATRIA S.A.;     ;;REASEGURADORA PATRIA S.A.
56502;EULER HERMES NORTH AMERICA INSURANCE COMPANY;     ;;EULER HERMES NORTH AMERICA INSURANCE COMPANY
56553;GENERAL REINSURANCE AG.;     ;;GENERAL REINSURANCE AG.
56561;AWP P&C S.A.(ANTIGA AGA INTERNATIONAL S.A).;     ;;AWP P&C S.A.(ANTIGA AGA INTERNATIONAL S.A).
56723;GENERALI ITALIA S.P.A.;     ;;GENERALI ITALIA S.P.A.
56766;ASPEN INSURANCE UK LIMITED;     ;;ASPEN INSURANCE UK LIMITED
56812;AXA FRANCE VIE;     ;;AXA FRANCE VIE
56847;W.R. BERKLEY INSURANCE (EUROPE) LIMITED;     ;;W.R. BERKLEY INSURANCE (EUROPE) LIMITED
56898;AXIS REINSURANCE COMPANY;     ;;AXIS REINSURANCE COMPANY
56901;FEDERAL INSURANCE COMPANY;     ;;FEDERAL INSURANCE COMPANY
56928;AXA GLOBAL RE (ANTIGA AXA GLOBAL P&C);     ;;AXA GLOBAL RE (ANTIGA AXA GLOBAL P&C)
56961;TALANX AG;     ;;TALANX AG
57002;MS AMLIN INSURANCE SE (NOVA DENOMINAÇÃO DE AMLIN INSURANCE SOCIETAS EUROPAEA);     ;;MS AMLIN INSURANCE SE (NOVA DENOMINAÇÃO DE AMLIN INSURANCE SOCIETAS EUROPAEA)
57029;ENEL REINSURANCE - COMPAGNIA DI RIASSICURAZIONE S.P.A;     ;;ENEL REINSURANCE - COMPAGNIA DI RIASSICURAZIONE S.P.A
57053;SIRIUS AMERICA INSURANCE COMPANY (ATUAL DENOMINAÇÃO DA WHITE MOUNTAINS REINSURANCE COMPANY OF AMERICA);     ;;SIRIUS AMERICA INSURANCE COMPANY (ATUAL DENOMINAÇÃO DA WHITE MOUNTAINS REINSURANCE COMPANY OF AMERICA)
57088;SWISS RE FRANKONA RÜCKVERSICHERUNGS-AKTIENGESELLSCHAFT;     ;;SWISS RE FRANKONA RÜCKVERSICHERUNGS-AKTIENGESELLSCHAFT
57134;ATRADIUS CRÉDITO Y CAUCIÓN S.A. DE SEGUROS Y REASEGUROS;     ;;ATRADIUS CRÉDITO Y CAUCIÓN S.A. DE SEGUROS Y REASEGUROS
57398;MARKEL INTERNATIONAL INSURANCE COMPANY LIMITED;     ;;MARKEL INTERNATIONAL INSURANCE COMPANY LIMITED
57401;AXA VERSIGHERUNG AG ;     ;;AXA VERSIGHERUNG AG 
57461;SCHWEIZERISCHE NATIONAL - VERSICHERUNGS - GESELLSCHAFT AG ( INATIVA );     ;;SCHWEIZERISCHE NATIONAL - VERSICHERUNGS - GESELLSCHAFT AG ( INATIVA )
57495;SWISS RE EUROPE S.A.;     ;;SWISS RE EUROPE S.A.
57665;TOKIO MARINE KILN INSURANCE LIMITED;     ;;TOKIO MARINE KILN INSURANCE LIMITED
57703;GENERAL INSURANCE CORPORATION OF INDIA;     ;;GENERAL INSURANCE CORPORATION OF INDIA
57720;HANNOVER RÜCKVERSICHERUNG AG;     ;;HANNOVER RÜCKVERSICHERUNG AG
57746;AXA CORPORATE SOLUTIONS ASSURANCE;     ;;AXA CORPORATE SOLUTIONS ASSURANCE
57754;COFACE RE S.A.;     ;;COFACE RE S.A.
57843;TRAVELERS CASUALTY AND SURETY COMPANY OF AMERICA;     ;;TRAVELERS CASUALTY AND SURETY COMPANY OF AMERICA
57894;CONTINENTAL CASUALTY COMPANY;     ;;CONTINENTAL CASUALTY COMPANY
57959;SWISS RE CORPORATE SOLUTIONS LTD.;     ;;SWISS RE CORPORATE SOLUTIONS LTD.
58050;ALLIANZ  SE;     ;;ALLIANZ  SE
58076;THE TOA REINSURANCE COMPANY OF AMERICA;     ;;THE TOA REINSURANCE COMPANY OF AMERICA
58173;IRONSHORE SPECIALTY INSURANCE COMPANY;     ;;IRONSHORE SPECIALTY INSURANCE COMPANY
58181;ARCH REINSURANCE COMPANY;     ;;ARCH REINSURANCE COMPANY
58254;AMERICAN HOME ASSURANCE COMPANY;     ;;AMERICAN HOME ASSURANCE COMPANY
58271;TOKIO MILLENNIUM RE (UK) LIMITED (NOVA DENOMINAÇÃO DE TOKIO MARINE GLOBAL LTD.);     ;;TOKIO MILLENNIUM RE (UK) LIMITED (NOVA DENOMINAÇÃO DE TOKIO MARINE GLOBAL LTD.)
58360;OMNIUM REINSURANCE COMPANY S.A.;     ;;OMNIUM REINSURANCE COMPANY S.A.
58378;ALLIED WORLD ASSURANCE COMPANY (EUROPE) LIMITED (ANTIGA ALLIED WORLD ASSURANCE COMPANY (EUROPE) PUBLIC LIMITED COMPANY);     ;;ALLIED WORLD ASSURANCE COMPANY (EUROPE) LIMITED (ANTIGA ALLIED WORLD ASSURANCE COMPANY (EUROPE) PUBLIC LIMITED COMPANY)
58645;SOLEN VERSICHERUNGEN AG;     ;;SOLEN VERSICHERUNGEN AG
58661;GENERALI ESPAÑA, S.A. DE SEGUROS Y REASEGUROS;     ;;GENERALI ESPAÑA, S.A. DE SEGUROS Y REASEGUROS
58742;ODYSSEY AMERICA REINSURANCE CORPORATION;     ;;ODYSSEY AMERICA REINSURANCE CORPORATION
58777;GLACIER REINSURANCE AG;     ;;GLACIER REINSURANCE AG
58807;AXA SA;     ;;AXA SA
58815;AXIS RE LIMITED;     ;;AXIS RE LIMITED
58874;ZURICH INSURANCE COMPANY;     ;;ZURICH INSURANCE COMPANY
58921;UNITED STATES FIRE INSURANCE COMPANY;     ;;UNITED STATES FIRE INSURANCE COMPANY
58998;FIDELIDADE - COMPANHIA DE SEGUROS S.A.;     ;;FIDELIDADE - COMPANHIA DE SEGUROS S.A.
59005;SCOR SE;     ;;SCOR SE
59048;SAVA REINSURANCE COMPANY D.D.;     ;;SAVA REINSURANCE COMPANY D.D.
59137;SCOR SWITZERLAND AG;     ;;SCOR SWITZERLAND AG
59226;AXA XL  INSURANCE COMPANY UK LIMITED;     ;;AXA XL  INSURANCE COMPANY UK LIMITED
59277;ENEL INSURANCE N.V.;     ;;ENEL INSURANCE N.V.
59536;COMPAGNIE FRANÇAISE D'ASSURANCE POUR LE COMMERCE EXTÉRIEUR - COFACE;     ;;COMPAGNIE FRANÇAISE D'ASSURANCE POUR LE COMMERCE EXTÉRIEUR - COFACE
59552;KB INSURANCE COMPANY LIMITED (ANTIGA LIG INSURANCE COMPANY LIMITED);     ;;KB INSURANCE COMPANY LIMITED (ANTIGA LIG INSURANCE COMPANY LIMITED)
59609;SEGUROS INBURSA, S.A.;     ;;SEGUROS INBURSA, S.A.
59641;CONVEX INSURANCE UK LIMITED;     ;;CONVEX INSURANCE UK LIMITED
59765;FACTORY MUTUAL INSURANCE COMPANY;     ;;FACTORY MUTUAL INSURANCE COMPANY
59803;WESTPORT INSURANCE CORPORATION;     ;;WESTPORT INSURANCE CORPORATION
59889;FM INSURANCE COMPANY LIMITED;     ;;FM INSURANCE COMPANY LIMITED
59986;ZURICH INSURANCE PUBLIC LIMITED COMPANY;     ;;ZURICH INSURANCE PUBLIC LIMITED COMPANY
67407;IBRACOR;     ;;IBRACOR
70076;MEXBRIT BRASIL CORRETORA DE RESSEGUROS LTDA.;     ;;MEXBRIT BRASIL CORRETORA DE RESSEGUROS LTDA.
70092;LOCKTON RE BRASIL CORRETORA DE RESSEGUROS LTDA;     ;;LOCKTON RE BRASIL CORRETORA DE RESSEGUROS LTDA
70203;CIRCLES GROUP BRASIL CORRETORA DE RESSEGURO S.A;     ;;CIRCLES GROUP BRASIL CORRETORA DE RESSEGURO S.A
70211;PWS BRASIL CORRETORA DE RESSEGUROS LTDA;     ;;PWS BRASIL CORRETORA DE RESSEGUROS LTDA
70858;GUY CARPENTER & COMPANY CORRETORA DE RESSEGUROS LTDA.;     ;;GUY CARPENTER & COMPANY CORRETORA DE RESSEGUROS LTDA.
70939;NAUSCH HOGAN & MURRAY BRASIL CORRETORA DE RESSEGUROS LTDA;     ;;NAUSCH HOGAN & MURRAY BRASIL CORRETORA DE RESSEGUROS LTDA
71269;BKS RE - CORRETORA DE RESSEGUROS LTDA.;     ;;BKS RE - CORRETORA DE RESSEGUROS LTDA.
71412;GALLAGHER BRASIL  CORRETORA DE RESSEGUROS LTDA.;     ;;GALLAGHER BRASIL  CORRETORA DE RESSEGUROS LTDA.
71439;MILLER DO BRASIL CORRETORA DE RESSEGUROS LTDA.;     ;;MILLER DO BRASIL CORRETORA DE RESSEGUROS LTDA.
71498;ARTHUR J. GALLAGHER BRASIL CORRETORA DE RESSEGUROS LTDA.;     ;;ARTHUR J. GALLAGHER BRASIL CORRETORA DE RESSEGUROS LTDA.
71625;CARPENTER MARSH FAC BRASIL CORRETORA DE RESSEGUROS LTDA.;     ;;CARPENTER MARSH FAC BRASIL CORRETORA DE RESSEGUROS LTDA.
72460;GLOBAL RISK BRASIL CORRETORA DE RESSEGUROS LTDA;     ;;GLOBAL RISK BRASIL CORRETORA DE RESSEGUROS LTDA
72796;ESPECIALIZADA RE CORRETORA DE RESSEGUROS;     ;;ESPECIALIZADA RE CORRETORA DE RESSEGUROS
72877;CORMATT - CORRETORA DE RESSEGUROS LTDA.;     ;;CORMATT - CORRETORA DE RESSEGUROS LTDA.
72958;ARX-RE CORRETORA DE RESSEGUROS LTDA;     ;;ARX-RE CORRETORA DE RESSEGUROS LTDA
73067;KNW BROKERS CORRETORA DE RESSEGUROS LTDA. (ANTIGA AFL BRAZIL CORRETORA DE RESSEGUROS LTDA.);     ;;KNW BROKERS CORRETORA DE RESSEGUROS LTDA. (ANTIGA AFL BRAZIL CORRETORA DE RESSEGUROS LTDA.)
6149;TREVO S/A SEGUROS E PREVIDÊNCIA PRIVADA;     ;;TREVO S/A SEGUROS E PREVIDÊNCIA PRIVADA
6157;ZURICH BRASIL VIDA E PREVIDÊNCIA S.A.;     ;;ZURICH BRASIL VIDA E PREVIDÊNCIA S.A.
6165;SEGURADORA MINEIRA S.A.;     ;;SEGURADORA MINEIRA S.A.
6181;BRASILVEÍCULOS COMPANHIA DE SEGUROS;     ;;BRASILVEÍCULOS COMPANHIA DE SEGUROS
6190;TOKIO MARINE SEGURADORA S.A. ;     ;;TOKIO MARINE SEGURADORA S.A. 
6203;ZURICH BRASIL SEGUROS S.A.;     ;;ZURICH BRASIL SEGUROS S.A.
6211;ALIANÇA DO BRASIL SEGUROS S.A;     ;;ALIANÇA DO BRASIL SEGUROS S.A
6220;SUL AMÉRICA SEGUROS DE PESSOAS E PREVIDÊNCIA S.A.;     ;;SUL AMÉRICA SEGUROS DE PESSOAS E PREVIDÊNCIA S.A.
6238;MAPFRE SEGUROS GERAIS S.A.;     ;;MAPFRE SEGUROS GERAIS S.A.
6246;SUL AMÉRICA AETNA SEGUROS E PREVIDÊNCIA S/A;     ;;SUL AMÉRICA AETNA SEGUROS E PREVIDÊNCIA S/A
6271;SUDAMERIS VIDA E PREVIDÊNCIA S/A  ;     ;;SUDAMERIS VIDA E PREVIDÊNCIA S/A  
6289;AUREA SEGURADORA;     ;;AUREA SEGURADORA
6297;AIG LIFE COMPANHIA DE SEGUROS ;     ;;AIG LIFE COMPANHIA DE SEGUROS 
6301;RIO GRANDE SEGUROS E PREVIDÊNCIA S.A.;     ;;RIO GRANDE SEGUROS E PREVIDÊNCIA S.A.
6319;COMPANHIA REAL DE SEGUROS;     ;;COMPANHIA REAL DE SEGUROS
6335;SEGURADORA BRASILEIRA DE CRÉDITO À EXPORTAÇÃO S.A.;     ;;SEGURADORA BRASILEIRA DE CRÉDITO À EXPORTAÇÃO S.A.
6343;SOL DE SEGUROS S.A;     ;;SOL DE SEGUROS S.A
6351;METROPOLITAN LIFE SEGUROS E PREVIDÊNCIA ;     ;;METROPOLITAN LIFE SEGUROS E PREVIDÊNCIA 
6360;KYOEI DO BRASIL COMPANHIA DE SEGUROS;     ;;KYOEI DO BRASIL COMPANHIA DE SEGUROS
6378;VIDA SEGURADORA S.A.;     ;;VIDA SEGURADORA S.A.
6386;ATLANTICA SEGUROS S/A;     ;;ATLANTICA SEGUROS S/A
6394;ITAUPREV VIDA E PREVIDÊNCIA S/A ;     ;;ITAUPREV VIDA E PREVIDÊNCIA S/A 
6408;CIGNA COMPANHIA DE SEGUROS;     ;;CIGNA COMPANHIA DE SEGUROS
6416;YASUDA SEGUROS S.A.;     ;;YASUDA SEGUROS S.A.
6432;NATIONALE NEDERLANDEN LEVENSVERZEKERING;     ;;NATIONALE NEDERLANDEN LEVENSVERZEKERING
6441;SAFRA SEGURADORA S.A.;     ;;SAFRA SEGURADORA S.A.
6459;CIA DE SEGUROS TRANQUILIDADE- BRASIL;     ;;CIA DE SEGUROS TRANQUILIDADE- BRASIL
6467;ALFA SEGURADORA S.A.;     ;;ALFA SEGURADORA S.A.
6475;SUL AMERICA AETNA CIA.NACIONAL DE SEGUROS E  PREVIDÊNCIA;     ;;SUL AMERICA AETNA CIA.NACIONAL DE SEGUROS E  PREVIDÊNCIA
6483;XL INSURANCE (BRAZIL) SEGURADORA S/A;     ;;XL INSURANCE (BRAZIL) SEGURADORA S/A
6491;ALVORADA VIDA S.A.;     ;;ALVORADA VIDA S.A.
6505;BRASLUZITANA;     ;;BRASLUZITANA
6513;CHUBB SEGUROS BRASIL S.A.;     ;;CHUBB SEGUROS BRASIL S.A.
6530;VIRGINIA SURETY COMPANHIA DE SEGUROS DO BRASIL ;     ;;VIRGINIA SURETY COMPANHIA DE SEGUROS DO BRASIL 
6548;CARDIF DO BRASIL VIDA E PREVIDÊNCIA S/A;     ;;CARDIF DO BRASIL VIDA E PREVIDÊNCIA S/A
6556;SUL AMERICA SEGUROS GERAIS S/A;     ;;SUL AMERICA SEGUROS GERAIS S/A
6564;ZURICH SANTANDER BRASIL SEGUROS S.A.;     ;;ZURICH SANTANDER BRASIL SEGUROS S.A.
6572;HDI SEGUROS S.A.;     ;;HDI SEGUROS S.A.
6602;MITSUI SUMITOMO SEGUROS S.A.;     ;;MITSUI SUMITOMO SEGUROS S.A.
6611;BEMGE SEGURADORA S/A;     ;;BEMGE SEGURADORA S/A
6637;INTER-CONTINENTAL SEGURADORA S/A;     ;;INTER-CONTINENTAL SEGURADORA S/A
6645;CIA REAL BRASILEIRA DE SEGUROS          ;     ;;CIA REAL BRASILEIRA DE SEGUROS          
6653;TOO SEGUROS S.A.;     ;;TOO SEGUROS S.A.
6661;NOVA YORK CIA DE SEGUROS;     ;;NOVA YORK CIA DE SEGUROS
6670;VISCONDE DE ITABORAÍ COMPANHIA DE SEGUROS GERAIS;     ;;VISCONDE DE ITABORAÍ COMPANHIA DE SEGUROS GERAIS
6688;COMPANHIA DE SEGUROS DO ESTADO DE SÃO PAULO - COSESP;     ;;COMPANHIA DE SEGUROS DO ESTADO DE SÃO PAULO - COSESP
6696;AXA XL SEGUROS S.A.;     ;;AXA XL SEGUROS S.A.
6718;MAPFRE SEGURADORA DE CRÉDITO À EXPORTAÇÃO S.A.;     ;;MAPFRE SEGURADORA DE CRÉDITO À EXPORTAÇÃO S.A.
6726;RIO BRANCO SEGURADORA S/A.;     ;;RIO BRANCO SEGURADORA S/A.
6734;AIG BRASIL COMPANHIA DE SEGUROS  ( INATIVA);     ;;AIG BRASIL COMPANHIA DE SEGUROS  ( INATIVA)
6742;COMPANHIA COLINA DE SEGUROS;     ;;COMPANHIA COLINA DE SEGUROS
6751;SEGUROS SURA S.A.;     ;;SEGUROS SURA S.A.
6769;UBF GARANTIAS & SEGUROS S.A.;     ;;UBF GARANTIAS & SEGUROS S.A.
6785;BRASILSEG COMPANHIA DE SEGUROS;     ;;BRASILSEG COMPANHIA DE SEGUROS
6793;GENTE SEGURADORA S.A.;     ;;GENTE SEGURADORA S.A.
6823;LIDERANÇA SEGURADORA S/A;     ;;LIDERANÇA SEGURADORA S/A
6831;SINAF SEGUROS S.A.;     ;;SINAF SEGUROS S.A.
6840;UNIBANCO AIG PREVIDÊNCIA S/A;     ;;UNIBANCO AIG PREVIDÊNCIA S/A
6858;MAPFRE AFFINITY SEGURADORA S.A.;     ;;MAPFRE AFFINITY SEGURADORA S.A.
6866;BRADESCO VIDA E PREVIDÊNCIA S.A.;     ;;BRADESCO VIDA E PREVIDÊNCIA S.A.
6874;SANTANDER BRASIL SEGUROS S/A - INATIVA;     ;;SANTANDER BRASIL SEGUROS S/A - INATIVA
6882;COMPANHIA GERAL DE SEGUROS;     ;;COMPANHIA GERAL DE SEGUROS
6904;SOMA SEGURADORA S/A;     ;;SOMA SEGURADORA S/A
6912;ITAUSEG SEGURADORA S.A.;     ;;ITAUSEG SEGURADORA S.A.
6939;SEGURADORA SEASUL S.A.;     ;;SEGURADORA SEASUL S.A.
6947;UNIMED SEGURADORA S.A.;     ;;UNIMED SEGURADORA S.A.
6955;COMPANHIA DE SEGUROS GRALHA AZUL;     ;;COMPANHIA DE SEGUROS GRALHA AZUL
6971;GOLDEN CROSS SEGURADORA  S/A;     ;;GOLDEN CROSS SEGURADORA  S/A
6980;NOTRE DAME SEGURADORA S.A.;     ;;NOTRE DAME SEGURADORA S.A.
6998;CESCEBRASIL SEGUROS DE GARANTIAS E CRÉDITO S.A.;     ;;CESCEBRASIL SEGUROS DE GARANTIAS E CRÉDITO S.A.
7013;PARANÁ COMPANHIA DE SEGUROS (INAT);     ;;PARANÁ COMPANHIA DE SEGUROS (INAT)
7048;COMPANHIA DE SEGUROS SUL AMERICANA INDUSTRIAL S/A;     ;;COMPANHIA DE SEGUROS SUL AMERICANA INDUSTRIAL S/A
7323;SÃO PAULO SEGUROS S/A;     ;;SÃO PAULO SEGUROS S/A
7340;SEGURADORA AGROBANCO;     ;;SEGURADORA AGROBANCO
7382;FIDUCIA-COMPANHIA DE SEGUROS GERAIS;     ;;FIDUCIA-COMPANHIA DE SEGUROS GERAIS
8001;MARÍTIMA SAÚDE SEGUROS S/A;     ;;MARÍTIMA SAÚDE SEGUROS S/A
8028;GRALHA AZUL SAÚDE S/A;     ;;GRALHA AZUL SAÚDE S/A
8036;ITAUSEG SAÚDE S/A;     ;;ITAUSEG SAÚDE S/A
8044;PORTO SEGURO-SEGURO SAÚDE S/A;     ;;PORTO SEGURO-SEGURO SAÚDE S/A
8052;SALUTAR SEGURADORA S/A;     ;;SALUTAR SEGURADORA S/A
8141;CAIXA VIDA E PREVIDÊNCIA S.A.;     ;;CAIXA VIDA E PREVIDÊNCIA S.A.
8702;SUD AMERICA;     ;;SUD AMERICA
8737;AIG SEGUROS BRASIL S.A.;     ;;AIG SEGUROS BRASIL S.A.
8826;AMAZONAS SEGURADORA S/A;     ;;AMAZONAS SEGURADORA S/A
9938;SAFRA VIDA E PREVIDÊNCIA S.A. ;     ;;SAFRA VIDA E PREVIDÊNCIA S.A. 
9989;BANCO NACIONAL DA HABITAÇÃO;     ;;BANCO NACIONAL DA HABITAÇÃO
10014;ACVAT- PREVIDENCIA S.A.;     ;;ACVAT- PREVIDENCIA S.A.
10031;VIVER PREVIDÊNCIA;     ;;VIVER PREVIDÊNCIA
10081;NEWPREV PREVIDÊNCIA PRIVADA S.A.;     ;;NEWPREV PREVIDÊNCIA PRIVADA S.A.
10103;ARCESP PREVIDÊNCIA PRIVADA;     ;;ARCESP PREVIDÊNCIA PRIVADA
10120;EQUATORIAL PREVIDÊNCIA COMPLEMENTAR;     ;;EQUATORIAL PREVIDÊNCIA COMPLEMENTAR
10138;BAMÉRCIO S.A. PREVIDÊNCIA PRIVADA;     ;;BAMÉRCIO S.A. PREVIDÊNCIA PRIVADA
10154;BBM-BRASIL PREVIDÊNCIA  PRIVADA  S/A;     ;;BBM-BRASIL PREVIDÊNCIA  PRIVADA  S/A
10235;CAPEMI-CX.PEC.PENS.E MONTEP.-BENEFICENTE;     ;;CAPEMI-CX.PEC.PENS.E MONTEP.-BENEFICENTE
10332;COIFA PECÚLIOS E PENSÕES;     ;;COIFA PECÚLIOS E PENSÕES
10367;CREFISUL PREVIDÊNCIA PRIVADA S.A.        ;     ;;CREFISUL PREVIDÊNCIA PRIVADA S.A.        
10413;FAMILIA BANDEIRANTE PREVIDÊNCIA PRIVADA ;     ;;FAMILIA BANDEIRANTE PREVIDÊNCIA PRIVADA 
10634;MONGERAL PREVIDÊNCIA PRIVADA;     ;;MONGERAL PREVIDÊNCIA PRIVADA
10669;RS PREVIDÊNCIA;     ;;RS PREVIDÊNCIA
10677;ARC PREVIDÊNCIA PRIVADA;     ;;ARC PREVIDÊNCIA PRIVADA
10707;MBM PREVIDÊNCIA COMPLEMENTAR;     ;;MBM PREVIDÊNCIA COMPLEMENTAR
10847;PREVIMIL PREVIDÊNCIA COMPLEMENTAR S.A.;     ;;PREVIMIL PREVIDÊNCIA COMPLEMENTAR S.A.
10898;RECÍPROCA ASSISTÊNCIA;     ;;RECÍPROCA ASSISTÊNCIA
10901;SABEMI PREVIDÊNCIA PRIVADA;     ;;SABEMI PREVIDÊNCIA PRIVADA
10961;PREVICORP PREVIDÊNCIA PRIVADA;     ;;PREVICORP PREVIDÊNCIA PRIVADA
10979;AUXILIADORA PREVIDÊNCIA;     ;;AUXILIADORA PREVIDÊNCIA
10987;SOCIEDADE CAXIENSE DE MÚTUO SOCORRO - PREVIDÊNCIA PRIVADA;     ;;SOCIEDADE CAXIENSE DE MÚTUO SOCORRO - PREVIDÊNCIA PRIVADA
11029;UNIÃO DE PREVIDÊNCIA S.A.;     ;;UNIÃO DE PREVIDÊNCIA S.A.
11037;SUL AMERICA PREVIDENCIA PRIVADA S/A     ;     ;;SUL AMERICA PREVIDENCIA PRIVADA S/A     
11045;BRASILPREV PREVIDÊNCIA PRIVADA S/A.(dados até Maio/2002);     ;;BRASILPREV PREVIDÊNCIA PRIVADA S/A.(dados até Maio/2002)
11070;COMPREV PREVIDÊNCIA S.A. (ATUAL DENOMINAÇÃO DE UNIÃO PREVIDENCIÁRIA COMETA DO BRASIL);     ;;COMPREV PREVIDÊNCIA S.A. (ATUAL DENOMINAÇÃO DE UNIÃO PREVIDENCIÁRIA COMETA DO BRASIL)
11088;FUTURO - PREVIDÊNCIA PRIVADA ;     ;;FUTURO - PREVIDÊNCIA PRIVADA 
73296;BRISK RE CORRETORA DE RESSEGUROS LTDA.;     ;;BRISK RE CORRETORA DE RESSEGUROS LTDA.
73415;ARG BRASIL CORRETORA DE RESSEGUROS LTDA;     ;;ARG BRASIL CORRETORA DE RESSEGUROS LTDA
74381;ONEGLOBAL BRASIL CORRETORA DE RESSEGUROS LTDA;     ;;ONEGLOBAL BRASIL CORRETORA DE RESSEGUROS LTDA
74667;LOCKTON RE CORRETORA DE RESSEGUROS LTDA;     ;;LOCKTON RE CORRETORA DE RESSEGUROS LTDA
74811;UIB RE BRASIL CORRETORA DE RESSSEGUROS LTDA;     ;;UIB RE BRASIL CORRETORA DE RESSSEGUROS LTDA
74926;ASSURE INTERNACIONAL CORRETAGEM DE RESSEGUROS LTDA;     ;;ASSURE INTERNACIONAL CORRETAGEM DE RESSEGUROS LTDA
74934;BTG PACTUAL CORRETORA DE RESSEGUROS LTDA.;     ;;BTG PACTUAL CORRETORA DE RESSEGUROS LTDA.
74951;LENIX RE DO BRASIL CORRETORA DE RESSEGUROS LTDA;     ;;LENIX RE DO BRASIL CORRETORA DE RESSEGUROS LTDA
75001;CATALYST RE CORRETORA DE RESSEGUROS LTDA.;     ;;CATALYST RE CORRETORA DE RESSEGUROS LTDA.
75434;WILLIS CORRETORA DE RESSEGUROS LTDA.;     ;;WILLIS CORRETORA DE RESSEGUROS LTDA.
75574;SAVE-RE BRASIL CORRETORA DE RESSEGUROS LTDA.;     ;;SAVE-RE BRASIL CORRETORA DE RESSEGUROS LTDA.
75761;BESSO RE BRASIL CORRETORA DE RESSEGUROS LTDA.;     ;;BESSO RE BRASIL CORRETORA DE RESSEGUROS LTDA.
75825;QUALISEG BRASIL RE CORRETORA DE RESSEGUROS LTDA;     ;;QUALISEG BRASIL RE CORRETORA DE RESSEGUROS LTDA
75922;NMB BRASIL CORRETORA DE RESSEGUROS LTDA;     ;;NMB BRASIL CORRETORA DE RESSEGUROS LTDA
75957;INTER CORRETORA DE RESSEGUROS LTDA.;     ;;INTER CORRETORA DE RESSEGUROS LTDA.
76236;BMS BRASIL CORRETORA DE RESSEGUROS LTDA;     ;;BMS BRASIL CORRETORA DE RESSEGUROS LTDA
76503;HOWDEN RE CORRETORA DE RESSEGUROS LTDA. ;     ;;HOWDEN RE CORRETORA DE RESSEGUROS LTDA. 
76767;ALPER RE CORRETORA DE RESSEGUROS LTDA.(EX-C6 SEG DO BRASIL CORRETORA DE RESSEGUROS LTDA.);     ;;ALPER RE CORRETORA DE RESSEGUROS LTDA.(EX-C6 SEG DO BRASIL CORRETORA DE RESSEGUROS LTDA.)
77003;BRAZIL RE CORRETORA DE RESSEGUROS LTDA.;     ;;BRAZIL RE CORRETORA DE RESSEGUROS LTDA.
77054;HOWDEN CORRETORA DE RESSEGUROS LTDA;     ;;HOWDEN CORRETORA DE RESSEGUROS LTDA
77089;BRIB CORRETORA DE RESSEGUROS LTDA;     ;;BRIB CORRETORA DE RESSEGUROS LTDA
77402;TRUSTER BRASIL CORRETAGEM DE RESSEGUROS LTDA.;     ;;TRUSTER BRASIL CORRETAGEM DE RESSEGUROS LTDA.
77704;U.S. RE DO BRASIL CORRETORA DE RESSEGUROS LTDA.;     ;;U.S. RE DO BRASIL CORRETORA DE RESSEGUROS LTDA.
77721;BENFIELD DO BRASIL CORRETORA DE RESSEGUROS LTDA.;     ;;BENFIELD DO BRASIL CORRETORA DE RESSEGUROS LTDA.
77747;GALLAGHER RE LATIN AMERICA CORRETORA DE RESSEGUROS LTDA.;     ;;GALLAGHER RE LATIN AMERICA CORRETORA DE RESSEGUROS LTDA.
77895;GALCORR CORRETORA DE RESSEGUROS LTDA;     ;;GALCORR CORRETORA DE RESSEGUROS LTDA
78182;MADALOZZO RE CORRETORA DE RESSEGUROS LTDA.;     ;;MADALOZZO RE CORRETORA DE RESSEGUROS LTDA.
78255;PECUS CORRETORA DE RESSEGUROS LTDA;     ;;PECUS CORRETORA DE RESSEGUROS LTDA
78271;JLT RE BRASIL ADMINISTRAÇÃO E CORRETAGEM DE RESSEGUROS LTDA;     ;;JLT RE BRASIL ADMINISTRAÇÃO E CORRETAGEM DE RESSEGUROS LTDA
78743;AON BRASIL CORRETORA DE RESSEGUROS LTDA. (ANTIGA AON BENFIELD BRASIL CORRETORA DE RESSEGUROS LTDA.);     ;;AON BRASIL CORRETORA DE RESSEGUROS LTDA. (ANTIGA AON BENFIELD BRASIL CORRETORA DE RESSEGUROS LTDA.)
78778;ORYPABA RIO ADMINISTRAÇÃO E CORRETAGEM DE RESSEGUROS LTDA;     ;;ORYPABA RIO ADMINISTRAÇÃO E CORRETAGEM DE RESSEGUROS LTDA
78816;INTER AEROSPACE CORRETORA DE SEGUROS LTDA.;     ;;INTER AEROSPACE CORRETORA DE SEGUROS LTDA.
78875;CAPITAL RE CORRETORA DE RESSEGUROS E SERVIÇOS LTDA.;     ;;CAPITAL RE CORRETORA DE RESSEGUROS E SERVIÇOS LTDA.
78999;ACRISURE BRASIL CORRETORA DE RESSEGUROS LTDA.;     ;;ACRISURE BRASIL CORRETORA DE RESSEGUROS LTDA.
79006;LOCKTON RE BRASIL CORRETORA DE RESSEGUROS LTDA;     ;;LOCKTON RE BRASIL CORRETORA DE RESSEGUROS LTDA
79553;PROMASS CORRETORA DE RESSEGUROS LTDA;     ;;PROMASS CORRETORA DE RESSEGUROS LTDA
79766;MDS RE CORRETORA DE RESSEGUROS LTDA.;     ;;MDS RE CORRETORA DE RESSEGUROS LTDA.
79863;LATIN AMERICA RE ADMINISTRAÇÃO E CORRETAGEM DE RESSEGUROS LTDA.;     ;;LATIN AMERICA RE ADMINISTRAÇÃO E CORRETAGEM DE RESSEGUROS LTDA.
90000;CIA RENASCENÇA DE SEGUROS;     ;;CIA RENASCENÇA DE SEGUROS
90001;BRASIL LIBANO CIA DE SEGUROS GERAIS;     ;;BRASIL LIBANO CIA DE SEGUROS GERAIS
90002;METROPOLE CIA NACIONAL DE SEGUROS DE ACIDENTES DE TRABALHO S/A;     ;;METROPOLE CIA NACIONAL DE SEGUROS DE ACIDENTES DE TRABALHO S/A
90003;ANCHIETA CIA DE SEGUROS GERAIS;     ;;ANCHIETA CIA DE SEGUROS GERAIS
90004;CIA NORDESTE DE SEGUROS;     ;;CIA NORDESTE DE SEGUROS
90005;CIA NACIONAL DE SEGUROS IPIRANGA;     ;;CIA NACIONAL DE SEGUROS IPIRANGA
90006;CIA DE SEGUROS MARITMO E TERRESTRE INTEGRIDADE;     ;;CIA DE SEGUROS MARITMO E TERRESTRE INTEGRIDADE
90007;ALIANÇA RIO GRANDENSE DE SEGUROS GERAIS;     ;;ALIANÇA RIO GRANDENSE DE SEGUROS GERAIS
90008;BRASILUSITANA CIA NACIONAL DE SEGUROS GERAIS;     ;;BRASILUSITANA CIA NACIONAL DE SEGUROS GERAIS
90009;CIA DE SEGUROS VITORIA;     ;;CIA DE SEGUROS VITORIA
90010;MAUÁ CAPITALIZAÇÃO S/A;     ;;MAUÁ CAPITALIZAÇÃO S/A
90011;CIA URBANIA DE CAPITALIZAÇÃO S/A;     ;;CIA URBANIA DE CAPITALIZAÇÃO S/A
90013;CIA PRUDENCIA DE CAPITALIZAÇÃO;     ;;CIA PRUDENCIA DE CAPITALIZAÇÃO
90014;CIA SATURNIA CAPITALIZAÇÃO S/A;     ;;CIA SATURNIA CAPITALIZAÇÃO S/A
90015;PRUDENTIAL ASSURANCE CIA LIMITED;     ;;PRUDENTIAL ASSURANCE CIA LIMITED
90016;PEAR ASSURANCE CIA LIMITED;     ;;PEAR ASSURANCE CIA LIMITED
90017;CIA DE SEGUROS MAR. E TER. NIÃO FLUMINENSE;     ;;CIA DE SEGUROS MAR. E TER. NIÃO FLUMINENSE
90018;CIA UBM DE SEGURIDADE SOCIAL;     ;;CIA UBM DE SEGURIDADE SOCIAL
90019;UNIÃO AMERICANA DE CAPITALIZAÇÃO S/A;     ;;UNIÃO AMERICANA DE CAPITALIZAÇÃO S/A
90020;CIA VERA CRUZ;     ;;CIA VERA CRUZ
90021;SEGURANÇA INDUSTRIAL CIA NACIONAL DE SEGUROS;     ;;SEGURANÇA INDUSTRIAL CIA NACIONAL DE SEGUROS
90022;CIA LEGAL AND GENERAL ASSURANCE SOCIETE LIMITED;     ;;CIA LEGAL AND GENERAL ASSURANCE SOCIETE LIMITED
90023;CIA RIO GRANDENSE;     ;;CIA RIO GRANDENSE
90024;CIA ESTADOS UNIDOS DE SEGUROS;     ;;CIA ESTADOS UNIDOS DE SEGUROS
90025;CIA EQUITATIVA DOS ESTADOS UNIDOS DO BRASIL;     ;;CIA EQUITATIVA DOS ESTADOS UNIDOS DO BRASIL
90026;ASSOCIAÇÃO BRASILEIRA DE PECULIOS-UNIÃO;     ;;ASSOCIAÇÃO BRASILEIRA DE PECULIOS-UNIÃO
90027;PROTETORA-CIA SEG CONTRA ACID DE TRABALHO;     ;;PROTETORA-CIA SEG CONTRA ACID DE TRABALHO
90028;CIA SEGURADORA DOS PROPRIETÁRIOS DO BRASIL;     ;;CIA SEGURADORA DOS PROPRIETÁRIOS DO BRASIL
90030;MONTEPIO NACIONAL DOS BANCÁRIOS;     ;;MONTEPIO NACIONAL DOS BANCÁRIOS
90031;CIA INTERNACIONAL DE PREVIDÊNCIA PRIVADA;     ;;CIA INTERNACIONAL DE PREVIDÊNCIA PRIVADA
90032;INTERESTADUAL DE SEGUROS S/A;     ;;INTERESTADUAL DE SEGUROS S/A
90033;CIA REAL DE SEGUROS;     ;;CIA REAL DE SEGUROS
90034;PLANALTO CIA DE SEGUROS GERAIS;     ;;PLANALTO CIA DE SEGUROS GERAIS
90035;COLUMBIA CIA NACIONAL DE SEGUROS GERAIS;     ;;COLUMBIA CIA NACIONAL DE SEGUROS GERAIS
90036;CIA DE SEGUROS UNIÃO NACIONAL S/A;     ;;CIA DE SEGUROS UNIÃO NACIONAL S/A
90037;INSTITUTO BRASILEIRO DE PREVIDÊNCIA PRIVADA S/A - IBRAPP;     ;;INSTITUTO BRASILEIRO DE PREVIDÊNCIA PRIVADA S/A - IBRAPP
90038;RENDA S/A DE APOSENTADORIA E PENSÃO;     ;;RENDA S/A DE APOSENTADORIA E PENSÃO
90040;CRUZEIRO DO SUL CAPITALIZAÇÃO;     ;;CRUZEIRO DO SUL CAPITALIZAÇÃO
90041;MONTEVAN MONTEPIO BRASILEIRO;     ;;MONTEVAN MONTEPIO BRASILEIRO
90042;CIA LIVERPOOL AND LONDON AND GLOBO INC. CO. LIMIT;     ;;CIA LIVERPOOL AND LONDON AND GLOBO INC. CO. LIMIT
90043;COLONIAL CIA NACIONAL DE SEGUROS GERAIS;     ;;COLONIAL CIA NACIONAL DE SEGUROS GERAIS
90044;CIA INSS DE SEGURIDADE SOCIAL;     ;;CIA INSS DE SEGURIDADE SOCIAL
90045;ARSEG-ASSOCIAÇÃO REEMBOLSÁVEL DE SEGURIDADE;     ;;ARSEG-ASSOCIAÇÃO REEMBOLSÁVEL DE SEGURIDADE
90046;PROVIDA S/A PREVIDÊNCIA PRIVADA;     ;;PROVIDA S/A PREVIDÊNCIA PRIVADA
90047;MONTEPAR SOCIEDADE PREVIDENCIARIA;     ;;MONTEPAR SOCIEDADE PREVIDENCIARIA
90048;SABEMI SOCIEDADE DE APOSENTADORIA DE BENEFICÊNCIA;     ;;SABEMI SOCIEDADE DE APOSENTADORIA DE BENEFICÊNCIA
90049;SDB COMPANHIA DE SEGUROS GERAIS;     ;;SDB COMPANHIA DE SEGUROS GERAIS
90050;CIA INTERCONTINENTAL DE CAPITALIZAÇÃO;     ;;CIA INTERCONTINENTAL DE CAPITALIZAÇÃO
90051;CAP PREVIDÊNCIA PRIVADA S/A;     ;;CAP PREVIDÊNCIA PRIVADA S/A
90052;EQUITATIVA TERRESTRES ACIDENTES E TRANSPORTES;     ;;EQUITATIVA TERRESTRES ACIDENTES E TRANSPORTES
90053;EXSIPREV SISTEMA NACIONAL DE PREVIDÊNCIA PRIVADA;     ;;EXSIPREV SISTEMA NACIONAL DE PREVIDÊNCIA PRIVADA
90054;CIA COLINA DE SEGUROS;     ;;CIA COLINA DE SEGUROS
90055;SEGURADORA PONTUAL S/A;     ;;SEGURADORA PONTUAL S/A
90056;UNIÃO AMERICANA DE CAPITALIZAÇÃO;     ;;UNIÃO AMERICANA DE CAPITALIZAÇÃO
90057;URBANO CAPITALIZAÇÃO;     ;;URBANO CAPITALIZAÇÃO
90058;PATRIMONIAL DE SEGUROS GERAIS;     ;;PATRIMONIAL DE SEGUROS GERAIS
10448;GBOEX - GREMIO BENEFICENTE;     ;;GBOEX - GREMIO BENEFICENTE
6173;KOVR PREVIDÊNCIA S.A;     ;;KOVR PREVIDÊNCIA S.A
6921;KOVR SEGURADORA S.A.;     ;;KOVR SEGURADORA S.A.
21318;KOVR CAPITALIZAÇÃO S.A.;     ;;KOVR CAPITALIZAÇÃO S.A.
23540;VIA CAPITALIZAÇÃO S.A.;     ;;VIA CAPITALIZAÇÃO S.A.
24813;APLICAP CAPITALIZAÇÃO S.A;     ;;APLICAP CAPITALIZAÇÃO S.A
25003;COMPANHIA URANO DE CAPITALIZAÇÃO;     ;;COMPANHIA URANO DE CAPITALIZAÇÃO
6963;GNPP SEGURADORA S/A;     ;;GNPP SEGURADORA S/A
10740;MONTEVAN PREVIDENCIA PRIVADA S/A (ATUAL CDI-CIA DE INVESTIMENTOS E PARTICIPAÇÕES);     ;;MONTEVAN PREVIDENCIA PRIVADA S/A (ATUAL CDI-CIA DE INVESTIMENTOS E PARTICIPAÇÕES)
10855;COMPANHIA INTERNACIONAL DE PREVIDÊNCIA PRIVADA;     ;;COMPANHIA INTERNACIONAL DE PREVIDÊNCIA PRIVADA
5053;CONFIANÇA CIA DE SEGUROS;     ;;CONFIANÇA CIA DE SEGUROS
5754;NOBRE SEGURADORA DO BRASIL S.A.;     ;;NOBRE SEGURADORA DO BRASIL S.A.
5967;AVS SEGURADORA S/A;     ;;AVS SEGURADORA S/A
16764;MONTEPIO MFM ;     ;;MONTEPIO MFM 
21881;INTERUNION CAPITALIZAÇÃO S.A.;     ;;INTERUNION CAPITALIZAÇÃO S.A.
7056;COMPANHIA CENTRAL DE SEGUROS;     ;;COMPANHIA CENTRAL DE SEGUROS
90039;CIA CENTRAL DE SEGUROS;     ;;CIA CENTRAL DE SEGUROS
1147;FEDERAL VIDA E PREVIDÊNCIA S.A.;     ;;FEDERAL VIDA E PREVIDÊNCIA S.A.
5002;FEDERAL DE SEGUROS S.A.;     ;;FEDERAL DE SEGUROS S.A.
5223;GNPP - PROVIDA SEGURADORA S/A;     ;;GNPP - PROVIDA SEGURADORA S/A
5231;BCS SEGUROS S.A.;     ;;BCS SEGUROS S.A.
5291;SÃO PAULO CIA NACIONAL DE SEGUROS GERAIS;     ;;SÃO PAULO CIA NACIONAL DE SEGUROS GERAIS
5304;COMPANHIA INTERNACIONAL DE SEGUROS;     ;;COMPANHIA INTERNACIONAL DE SEGUROS
5347;EDEL SEGURADORA S.A.                    ;     ;;EDEL SEGURADORA S.A.                    
5428;MARTINELLI SEGURADORA S/A;     ;;MARTINELLI SEGURADORA S/A
5525;INTERBRAZIL SEGURADORA S/A;     ;;INTERBRAZIL SEGURADORA S/A
5576;CRUZEIRO DO SUL - COMPANHIA SEGURADORA;     ;;CRUZEIRO DO SUL - COMPANHIA SEGURADORA
5762;SANTOS CIA DE SEGUROS;     ;;SANTOS CIA DE SEGUROS
5771;COMPANHIA INTERESTADUAL DE SEGUROS;     ;;COMPANHIA INTERESTADUAL DE SEGUROS
5860;CATARINENSE DE SEGUROS S/A;     ;;CATARINENSE DE SEGUROS S/A
5878;SULINA SEGURADORA S/A;     ;;SULINA SEGURADORA S/A
5959;SEGURANÇA CIA DE SEGUROS E PREVIDENCIA  ;     ;;SEGURANÇA CIA DE SEGUROS E PREVIDENCIA  
6025;CARIOCA SEGURADORA S/A;     ;;CARIOCA SEGURADORA S/A
6050;MAXLIFE SEGURADORA DO BRASIL S.A.;     ;;MAXLIFE SEGURADORA DO BRASIL S.A.
6068;SANTOS SEGURADORA S.A.;     ;;SANTOS SEGURADORA S.A.
6131;COMPANHIA MUTUAL DE SEGUROS;     ;;COMPANHIA MUTUAL DE SEGUROS
6327;PLANALTO COMPANHIA DE SEGUROS GERAIS;     ;;PLANALTO COMPANHIA DE SEGUROS GERAIS
6424;SDB CIA SEGUROS GERAIS;     ;;SDB CIA SEGUROS GERAIS
6521;CAIXAGERAL S/A SEGURADORA;     ;;CAIXAGERAL S/A SEGURADORA
6629;AJAX CIA NACIONAL DE SEGUROS;     ;;AJAX CIA NACIONAL DE SEGUROS
6700;CIA DE SEGUROS MONARCA;     ;;CIA DE SEGUROS MONARCA
6777;APS SEGURADORA S.A. ;     ;;APS SEGURADORA S.A. 
6807;ABSOLUTA SEGUROS S/A  (EM APROVAÇÃO)  [ANTIGA ADRESS SEGS E PREV] ;     ;;ABSOLUTA SEGUROS S/A  (EM APROVAÇÃO)  [ANTIGA ADRESS SEGS E PREV] 
6815;CIA ANCORA DE SEGUROS GERAIS;     ;;CIA ANCORA DE SEGUROS GERAIS
6891;SAOEX S.A. SEGURADORA E PREVIDÊNCIA PRIVADA;     ;;SAOEX S.A. SEGURADORA E PREVIDÊNCIA PRIVADA
7005;NOVA YORK COMPANHIA DE SEGUROS;     ;;NOVA YORK COMPANHIA DE SEGUROS
7102;CASTELLO COSTA COMPANHIA DE SEGUROS;     ;;CASTELLO COSTA COMPANHIA DE SEGUROS
7269;COMPANHIA PATRIMONIAL DE SEGUROS GERAIS;     ;;COMPANHIA PATRIMONIAL DE SEGUROS GERAIS
10065;APLUB - ASSOCIAÇÃO DOS PROFISSIONAIS LIBERAIS UNIVERSITÁRIOS DO BRASIL;     ;;APLUB - ASSOCIAÇÃO DOS PROFISSIONAIS LIBERAIS UNIVERSITÁRIOS DO BRASIL
10359;CORRFA PREVIDÊNCIA PRIVADA;     ;;CORRFA PREVIDÊNCIA PRIVADA
10405;EMPRESARIAL DE PREVIDÊNCIA PRIVADA;     ;;EMPRESARIAL DE PREVIDÊNCIA PRIVADA
10472;GEPLAN SOCIEDADE DE PREVIDENCIA PRIVADA;     ;;GEPLAN SOCIEDADE DE PREVIDENCIA PRIVADA
10596;PREVBRAS- SOCIEDADE NACIONAL DE PREVIDÊNCIA PRIVADA;     ;;PREVBRAS- SOCIEDADE NACIONAL DE PREVIDÊNCIA PRIVADA
10715;EMBRASIL PREVIDENCIA PRIVADA            ;     ;;EMBRASIL PREVIDENCIA PRIVADA            
17728;MONTEPIO NACIONAL DOS TRABALHADORES NA INDÚSTRIA DE ENERGIA ELETRICA - MONTIENE;     ;;MONTEPIO NACIONAL DOS TRABALHADORES NA INDÚSTRIA DE ENERGIA ELETRICA - MONTIENE
18813;MONTEPIO BENEFICENTE MONTESE;     ;;MONTEPIO BENEFICENTE MONTESE
20273;VALOR CAPITALIZAÇÃO S/A;     ;;VALOR CAPITALIZAÇÃO S/A
20451;MEGACAP CAPITALIZAÇÃO S.A. (ATUAL DENOMINAÇÃO DE GLOBAL CAPITALIZAÇÃO S.A.);     ;;MEGACAP CAPITALIZAÇÃO S.A. (ATUAL DENOMINAÇÃO DE GLOBAL CAPITALIZAÇÃO S.A.)
11096;UPOFA - UNIÃO PREVIDENCIAL;     ;;UPOFA - UNIÃO PREVIDENCIAL
11126;HOJE PREVIDÊNCIA PRIVADA;     ;;HOJE PREVIDÊNCIA PRIVADA
11134;ASPECIR PREVIDÊNCIA;     ;;ASPECIR PREVIDÊNCIA
11304;LUTERPREV- ENTIDADE LUTERANA DE PREVIDÊNCIA;     ;;LUTERPREV- ENTIDADE LUTERANA DE PREVIDÊNCIA
11312;PACTUAL PREVID-NCIA PRIVADA S/A         ;     ;;PACTUAL PREVID-NCIA PRIVADA S/A         
12467;MATONE PREVIDÊNCIA PRIVADA S.A.;     ;;MATONE PREVIDÊNCIA PRIVADA S.A.
14257;BP PREVIDÊNCIA PRIVADA S.A.;     ;;BP PREVIDÊNCIA PRIVADA S.A.
14818;UNIMED PREVIDÊNCIA PRIVADA S.A.;     ;;UNIMED PREVIDÊNCIA PRIVADA S.A.
15580;BMC PREVIDÊNCIA PRIVADA S.A.;     ;;BMC PREVIDÊNCIA PRIVADA S.A.
15806;THE FUJI FIRE & MARINE INSURANCE CO.;     ;;THE FUJI FIRE & MARINE INSURANCE CO.
17400;EVIDENCE PREVIDÊNCIA S.A.;     ;;EVIDENCE PREVIDÊNCIA S.A.
18091;BOSTON PREVIDÊNCIA PRIVADA;     ;;BOSTON PREVIDÊNCIA PRIVADA
19291;MAPFRE NOSSA CAIXA VIDA PREVIDÊNCIA S/A;     ;;MAPFRE NOSSA CAIXA VIDA PREVIDÊNCIA S/A
20141;BRASILCAP CAPITALIZAÇÃO S.A.;     ;;BRASILCAP CAPITALIZAÇÃO S.A.
20281;HORIZONTE CAPITALIZAÇÃO S.A.;     ;;HORIZONTE CAPITALIZAÇÃO S.A.
20621;BANDEIRANTES S/A CAPITALIZAÇÃO;     ;;BANDEIRANTES S/A CAPITALIZAÇÃO
20826;MONGERAL AEGON CAPITALIZAÇÃO S.A;     ;;MONGERAL AEGON CAPITALIZAÇÃO S.A
21334;ICATU CAPITALIZAÇÃO S.A.;     ;;ICATU CAPITALIZAÇÃO S.A.
21482;UNIBANCO CIA DE CAPITALIZAÇÃO;     ;;UNIBANCO CIA DE CAPITALIZAÇÃO
21491;CAPEMISA CAPITALIZAÇÃO S.A.;     ;;CAPEMISA CAPITALIZAÇÃO S.A.
21628;VANGUARDACAP CAPITALIZAÇÃO S.A.;     ;;VANGUARDACAP CAPITALIZAÇÃO S.A.
21661;CIA. ITAÚ DE CAPITALIZAÇÃO;     ;;CIA. ITAÚ DE CAPITALIZAÇÃO
21946;SUL AMÉRICA CAPITALIZAÇÃO S.A.(INATIVA);     ;;SUL AMÉRICA CAPITALIZAÇÃO S.A.(INATIVA)
22110;ALFA CAPITALIZAÇÃO S.A.;     ;;ALFA CAPITALIZAÇÃO S.A.
22268;AMÉRICA CAPITALIZAÇÃO S.A.;     ;;AMÉRICA CAPITALIZAÇÃO S.A.
22683;ZURICH BRASIL CAPITALIZAÇÃO S.A.;     ;;ZURICH BRASIL CAPITALIZAÇÃO S.A.
22764;CREFICAP CAPITALIZAÇÃO S.A.;     ;;CREFICAP CAPITALIZAÇÃO S.A.
22896;ITAÚ CAPITALIZAÇÃO S.A.;     ;;ITAÚ CAPITALIZAÇÃO S.A.
22926;BB CAPITALIZAÇÃO S.A.;     ;;BB CAPITALIZAÇÃO S.A.
23345;ATLÂNTICA CAPITALIZAÇÃO S.A.;     ;;ATLÂNTICA CAPITALIZAÇÃO S.A.
23566;BRADESCO CAPITALIZAÇÃO S.A.;     ;;BRADESCO CAPITALIZAÇÃO S.A.
24015;EXCEL CAPITALIZAÇÃO S/A;     ;;EXCEL CAPITALIZAÇÃO S/A
24872;XS4 CAPITALIZAÇÃO S.A.;     ;;XS4 CAPITALIZAÇÃO S.A.
25429;RIO GRANDE CAPITALIZAÇÃO  S.A.;     ;;RIO GRANDE CAPITALIZAÇÃO  S.A.
25585;CNP CAPITALIZAÇÃO S/A;     ;;CNP CAPITALIZAÇÃO S/A
25712;REAL CAPITALIZAÇÃO S/A;     ;;REAL CAPITALIZAÇÃO S/A
25941;CAPITALIZA EMPRESA DE CAPITALIZAÇÃO S.A.;     ;;CAPITALIZA EMPRESA DE CAPITALIZAÇÃO S.A.
26026;LIDERANÇA CAPITALIZAÇÃO S/A;     ;;LIDERANÇA CAPITALIZAÇÃO S/A
26158;KIRTON CAPITALIZAÇÃO S.A.;     ;;KIRTON CAPITALIZAÇÃO S.A.
27138;MOTRIN CAPITALIZAÇÃO S.A.;     ;;MOTRIN CAPITALIZAÇÃO S.A.
27995;HSBC CAPITALIZAÇÃO (BRASIL) S.A.;     ;;HSBC CAPITALIZAÇÃO (BRASIL) S.A.
28134;HSBC FINANCIAL CAPITALIZAÇÃO (BRASIL) S.A.;     ;;HSBC FINANCIAL CAPITALIZAÇÃO (BRASIL) S.A.
28258;MAPFRE CAPITALIZAÇÃO S.A.;     ;;MAPFRE CAPITALIZAÇÃO S.A.
28878;PORTO SEGURO CAPITALIZAÇÃO S.A.;     ;;PORTO SEGURO CAPITALIZAÇÃO S.A.
28932;RIO’S CAPITALIZAÇÃO S.A.;     ;;RIO’S CAPITALIZAÇÃO S.A.
29319;SANTANDER CAPITALIZAÇÃO S.A.;     ;;SANTANDER CAPITALIZAÇÃO S.A.
29521;V. R. CAPITALIZAÇÃO S/A;     ;;V. R. CAPITALIZAÇÃO S/A
30074;ALLIANZ GLOBAL CORPORATE & SPECIALTY RESSEGUROS BRASIL S.A.;     ;;ALLIANZ GLOBAL CORPORATE & SPECIALTY RESSEGUROS BRASIL S.A.
30201;TERRA BRASIS RESSEGUROS S.A.;     ;;TERRA BRASIS RESSEGUROS S.A.
31551;SCOR BRASIL RESSEGUROS S.A.;     ;;SCOR BRASIL RESSEGUROS S.A.
31623;IRB BRASIL RESSEGUROS S/A;     ;;IRB BRASIL RESSEGUROS S/A
32875;ZURICH RESSEGURADORA BRASIL S.A.;     ;;ZURICH RESSEGURADORA BRASIL S.A.
33294;MAPFRE RE DO BRASIL COMPANHIA DE RESSEGUROS                                                                                 ;     ;;MAPFRE RE DO BRASIL COMPANHIA DE RESSEGUROS                                                                                 
34665;XL RESSEGUROS BRASIL S.A.;     ;;XL RESSEGUROS BRASIL S.A.
34819;AUSTRAL RESSEGURADORA S.A.;     ;;AUSTRAL RESSEGURADORA S.A.
36099;AXA XL RESSEGUROS S.A.;     ;;AXA XL RESSEGUROS S.A.
37052;BTG PACTUAL RESSEGURADORA S.A.;     ;;BTG PACTUAL RESSEGURADORA S.A.
37729;MUNICH RE DO BRASIL RESSEGURADORA S.A.;     ;;MUNICH RE DO BRASIL RESSEGURADORA S.A.
37753;SOMPO RESSEGURADORA S.A.;     ;;SOMPO RESSEGURADORA S.A.
37893;FM RESSEGUROS S.A. ;     ;;FM RESSEGUROS S.A. 
38253;CHUBB RESSEGURADORA BRASIL S.A.;     ;;CHUBB RESSEGURADORA BRASIL S.A.
38270;SWISS RE BRASIL RESSEGUROS S/A;     ;;SWISS RE BRASIL RESSEGUROS S/A
38741;AIG RESSEGUROS BRASIL S.A.;     ;;AIG RESSEGUROS BRASIL S.A.
38873;JUNTO RESSEGUROS S.A.;     ;;JUNTO RESSEGUROS S.A.
39764;AUSTRAL RESSEGUROS ESPECIAIS S.A.;     ;;AUSTRAL RESSEGUROS ESPECIAIS S.A.
40096;TORUS SPECIALTY INSURANCE COMPANY;     ;;TORUS SPECIALTY INSURANCE COMPANY
40126;XL RE EUROPE SE;     ;;XL RE EUROPE SE
40207;ALLIANZ GLOBAL CORPORATE & SPECIALTY SE;     ;;ALLIANZ GLOBAL CORPORATE & SPECIALTY SE
40215;MAPFRE RE COMPAÑÍA DE REASEGUROS S.A.;     ;;MAPFRE RE COMPAÑÍA DE REASEGUROS S.A.
40851;CHUBB TEMPEST REINSURANCE LTD.;     ;;CHUBB TEMPEST REINSURANCE LTD.
41262;SCOR SE;     ;;SCOR SE
41416;FACTORY MUTUAL INSURANCE COMPANY;     ;;FACTORY MUTUAL INSURANCE COMPANY
41432;ODYSSEY REINSURANCE COMPANY;     ;;ODYSSEY REINSURANCE COMPANY
41491;HANNOVER RÜCK SE;     ;;HANNOVER RÜCK SE
41629;SCOR REINSURANCE COMPANY;     ;;SCOR REINSURANCE COMPANY
42056;ATRADIUS CRÉDITO Y CAUCIÓN S.A. DE SEGUROS Y REASEGUROS;     ;;ATRADIUS CRÉDITO Y CAUCIÓN S.A. DE SEGUROS Y REASEGUROS
42307;XL INSURANCE COMPANY SE;     ;;XL INSURANCE COMPANY SE
42463;LLOYD´S;     ;;LLOYD´S
42684;ARGO RE LTD.;     ;;ARGO RE LTD.
42790;SWISS REINSURANCE COMPANY;     ;;SWISS REINSURANCE COMPANY
42871;LIBERTY MUTUAL INSURANCE COMPANY;     ;;LIBERTY MUTUAL INSURANCE COMPANY
42951;TRANSAMERICA INTERNATIONAL RE (BERMUDA) LTD.;     ;;TRANSAMERICA INTERNATIONAL RE (BERMUDA) LTD.
43290;XL RE LATIN AMERICA LTD. (CANCELADA);     ;;XL RE LATIN AMERICA LTD. (CANCELADA)
43419;STARR INSURANCE & REINSURANCE LIMITED;     ;;STARR INSURANCE & REINSURANCE LIMITED
44661;SCOR GLOBAL LIFE AMERICAS REINSURANCE COMPANY;     ;;SCOR GLOBAL LIFE AMERICAS REINSURANCE COMPANY
44717;AFRICAN REINSURANCE CORPORATION;     ;;AFRICAN REINSURANCE CORPORATION
44814;PARTNER REINSURANCE EUROPE SE (ANTIGA PARTNER REINSURANCE EUROPE PUBLIC LIMITED COMPANY);     ;;PARTNER REINSURANCE EUROPE SE (ANTIGA PARTNER REINSURANCE EUROPE PUBLIC LIMITED COMPANY)
44920;EVEREST REINSURANCE COMPANY;     ;;EVEREST REINSURANCE COMPANY
44938;FINANCIAL ASSURANCE COMPANY LIMITED;     ;;FINANCIAL ASSURANCE COMPANY LIMITED
45004;ROYAL & SUN ALLIANCE INSURANCE PLC;     ;;ROYAL & SUN ALLIANCE INSURANCE PLC
45420;CATLIN RE SWITZERLAND LTD;     ;;CATLIN RE SWITZERLAND LTD
45896;GARD MARINE & ENERGY LIMITED ;     ;;GARD MARINE & ENERGY LIMITED 
45926;ARDEN REINSURANCE COMPANY LTD. ( ANTIGA ARIEL REINSURANCE COMPANY LTD.);     ;;ARDEN REINSURANCE COMPANY LTD. ( ANTIGA ARIEL REINSURANCE COMPANY LTD.)
45951;ATRADIUS REINSURANCE DESIGNATED ACTIVITY COMPANY;     ;;ATRADIUS REINSURANCE DESIGNATED ACTIVITY COMPANY
46507;AXIS RE SE;     ;;AXIS RE SE
46761;FEDERAL INSURANCE COMPANY;     ;;FEDERAL INSURANCE COMPANY
47082;HDI GLOBAL NETWORK AG;     ;;HDI GLOBAL NETWORK AG
47406;FINANCIAL INSURANCE COMPANY LIMITED;     ;;FINANCIAL INSURANCE COMPANY LIMITED
47660;WESTPORT INSURANCE CORPORATION;     ;;WESTPORT INSURANCE CORPORATION
47708;XL CATLIN INSURANCE COMPANY UK LIMITED (ANTIGA CATLIN INSURANCE COMPANY (UK) LTD);     ;;XL CATLIN INSURANCE COMPANY UK LIMITED (ANTIGA CATLIN INSURANCE COMPANY (UK) LTD)
 ;GENERAL REINSURANCE AG;     ;;GENERAL REINSURANCE AG
47724;MITSUI SUMITOMO INSURANCE COMPANY, LIMITED;     ;;MITSUI SUMITOMO INSURANCE COMPANY, LIMITED
47741;TOKIO MARINE & NICHIDO FIRE INSURANCE CO., LTD.;     ;;TOKIO MARINE & NICHIDO FIRE INSURANCE CO., LTD.
47848;BERKLEY INSURANCE COMPANY;     ;;BERKLEY INSURANCE COMPANY
48178;RGA GLOBAL REINSURANCE COMPANY, LTD.;     ;;RGA GLOBAL REINSURANCE COMPANY, LTD.
48186;MÜNCHENER RÜCKVERSICHERUNGS-GESELLSCHAFT AKTIENGESELLSCHAFT IN MÜNCHEN;     ;;MÜNCHENER RÜCKVERSICHERUNGS-GESELLSCHAFT AKTIENGESELLSCHAFT IN MÜNCHEN
48259;TRANSATLANTIC REINSURANCE COMPANY;     ;;TRANSATLANTIC REINSURANCE COMPANY
48275;ZURICH INSURANCE COMPANY;     ;;ZURICH INSURANCE COMPANY
48747;SWISS REINSURANCE AMERICA CORPORATION;     ;;SWISS REINSURANCE AMERICA CORPORATION
48879;GENERAL REINSURANCE AG;     ;;GENERAL REINSURANCE AG
